MTurkID,Age,Gender,Race,Country,Future,Email,IRQ1_1,IRQ1_2,IRQ1_3,IRQ1_4,IRQ1_5,IRQ1_6,IRQ1_7,IRQ1_8,IRQ1_9,IRQ1_10,IRQ1_11,IRQ1_12,IRQ1_13,IRQ1_14,IRQ1_15,IRQ1_16,AAS_close_sum,AQ_SS_avg,AQ_C_avg,AQ_avg,BEQ_nex,BEQ_pex,BEQ_str,BFI_e,BFI_a,BFI_c,BFI_n,BFI_o,BIS11_selfcontrol,BASBAS_drive,COPE_distraction,COPE_active,COPE_emotional,COPE_instrumental,COPE_venting,Reappraisal_avg,Suppression_avg,IRI_EC,IRI_PT,Loneliness_tot,NTB_sum,PANAS_positive,PANAS_negative,PSS_sum,RS_pos,RS_neg,RS_total,SIAS_total,SSDS_total,SSS_A
NA,31,1,5,1,1,NA,4,4,4,5,4,7,4,6,4,4,5,5,4,6,5,6,24,0,0.1,0.05,3.166666667,5,3.5,4,4.333333333,4.333333333,2.25,3.1,9,9,2,3,3,2,2,3.333333333,3,11,17,29,32,27,13,11,47,18,29,4,2,7
NA,30,1,5,1,1,NA,4,4,4,4,4,4,4,4,4,4,4,4,4,4,4,4,18,0.3,0.1,0.2,4,4,4,3,3,3,3,3,12,10,4,6,6,6,2,4,4,14,14,42,30,13,10,20,32,24,8,40,10,4
NA,38,2,5,1,1,NA,6,5,5,5,6,6,6,6,6,6,5,6,4,5,5,6,20,0.8,0.8,0.8,4,5.5,3.5,2.5,4,4,2.25,3.6,12,8,5,6,6,6,4,6,2.5,24,18,41,25,31,10,11,33,24,9,28,4,6
NA,35,2,5,1,1,NA,2,1,2,2,5,7,5,4,6,6,6,6,5,5,6,6,25,0.5,0.3,0.4,6,6,7,1.25,4.111111111,4.222222222,4.375,1.6,9,8,4,4,6,4,6,5,5,21,21,46,47,19,19,27,52,8,44,75,3,6
NA,21,2,5,1,1,NA,4,5,4,5,6,2,2,5,3,6,4,5,4,2,4,5,20,0.4,0.5,0.45,3,4,4.5,3.25,3.333333333,3.333333333,3.125,3.6,13,10,5,7,4,5,6,4.5,4.5,19,10,45,33,34,35,20,37,25,12,40,5,5
NA,48,2,5,1,1,NA,5,5,5,5,5,6,4,6,6,5,5,6,6,6,3,6,18,0.3,0.4,0.35,3.833333333,4,4.666666667,3.625,3.222222222,3.666666667,2.875,3.3,13,12,5,5,5,6,5,4.5,4.75,15,18,43,31,33,20,17,30,21,9,31,10,6
NA,30,1,5,1,1,NA,4,6,5,5,4,6,5,6,6,6,5,6,5,6,5,5,18,0.5,0.6,0.55,2.833333333,5.25,4.5,3.75,3.777777778,4,2,3.4,16,11,4,5,6,5,4,5,4.25,13,18,46,30,27,11,17,35,27,8,4,7,2
NA,21,1,5,1,1,NA,7,3,6,5,7,6,6,6,6,6,7,7,7,6,7,7,23,0.3,0.8,0.55,4.166666667,5.75,5,3.25,3,2.777777778,4.125,3.3,17,8,7,7,6,7,3,3.333333333,2,17,14,44,45,28,35,25,36,18,18,52,2,4
NA,24,1,5,1,1,NA,6,2,7,5,7,7,6,6,7,7,5,7,6,6,6,6,28,0.1,0,0.05,1.5,4.25,4.166666667,2.875,4.444444444,4.666666667,2,2.6,10,6,4,7,5,4,3,6,5,24,5,39,27,39,15,11,30,21,9,21,4,6
NA,40,1,5,1,1,NA,5,5,5,5,5,5,5,5,5,5,5,5,5,5,5,5,18,0.3,0.1,0.2,3.833333333,4,4.833333333,2.875,3.333333333,2.888888889,3.375,4,12,9,6,6,6,6,6,4,4.25,23,15,44,31,30,19,20,34,28,6,27,4,7
NA,60,1,6,1,1,NA,1,1,1,4,7,1,6,7,3,2,5,5,4,7,7,7,30,0,0,0,3.833333333,4.5,3.166666667,4,4.888888889,5,1,3.3,6,13,7,7,5,4,5,6.5,2.75,24,25,21,20,39,10,2,22,31,-9,2,2,6
NA,34,2,4,1,2,NA,6,6,5,4,4,4,4,4,4,4,4,4,4,4,4,5,17,0.8,0.6,0.7,4,4,4.166666667,2.375,3.666666667,3.888888889,2.625,3.1,14,6,5,5,6,6,5,4,5,17,15,60,32,27,12,19,35,23,12,45,6,2
NA,32,2,5,1,1,NA,1,1,1,1,1,1,1,1,1,1,1,1,1,5,4,5,9,0.6,0.3,0.45,2.666666667,4.75,5.5,2,3.888888889,3.555555556,1.875,3.9,11,11,6,6,2,2,5,6,5.25,12,18,53,13,22,12,15,24,18,6,21,7,7
NA,27,1,2,1,1,NA,5,4,4,4,7,6,4,5,5,5,5,5,5,4,4,5,19,0.4,0.5,0.45,4.166666667,5.75,5.333333333,2.5,3.666666667,3.222222222,3.125,3.5,13,9,4,5,6,5,4,4.833333333,5.75,18,23,42,30,27,24,20,39,19,20,39,5,6
NA,21,2,6,1,1,NA,4,5,3,4,4,5,3,5,5,4,3,4,5,3,3,4,14,0.6,0.6,0.6,4.166666667,4.25,4.166666667,2.375,3.111111111,2.888888889,3.75,3.4,15,14,5,4,5,4,6,3.333333333,3.5,18,12,57,28,22,24,21,35,26,9,33,5,7
NA,25,1,5,1,2,NA,5,4,3,3,3,4,5,3,5,3,5,3,5,4,4,5,18,0.3,0.7,0.5,4.333333333,3.5,3.833333333,2.875,3,3,2.875,2.6,13,11,6,5,4,4,4,4,3.75,14,18,50,33,23,19,14,30,25,5,27,3,7
NA,24,2,5,1,1,NA,1,2,3,1,6,3,6,5,2,3,2,5,1,2,2,5,12,1,0.6,0.8,1.833333333,3,5,1.375,2.777777778,3.666666667,3.875,3.4,8,10,5,6,5,2,2,2.166666667,6.25,7,9,56,32,28,16,22,45,12,33,59,6,7
NA,28,2,5,1,1,NA,3,3,3,5,7,6,6,5,3,6,5,6,4,4,5,7,24,0.2,0.2,0.2,4.333333333,4.75,7,1.5,3.555555556,3.111111111,4.25,4.5,14,8,8,6,6,4,5,5.666666667,3.25,19,28,45,33,42,24,19,29,22,7,42,5,7
NA,31,2,5,1,1,NA,1,1,1,1,1,1,1,1,1,1,1,1,1,1,1,1,18,0.8,0.4,0.6,4.333333333,5.25,5.666666667,1.5,2.222222222,5,2.75,3.8,9,13,8,5,2,2,3,4.833333333,1,0,0,50,14,21,16,22,12,33,-21,18,4,2
NA,56,1,5,1,2,NA,1,1,1,1,1,1,1,1,1,1,1,1,1,1,1,1,6,1,0.5,0.75,5.666666667,4.75,4.666666667,1,1.444444444,1.555555556,5,3.5,16,16,6,4,2,2,6,4.833333333,4,0,0,80,22,14,38,30,32,14,18,63,3,2
NA,28,1,5,1,1,NA,5,5,5,5,6,5,7,6,7,6,6,6,6,6,6,6,22,0.1,0,0.05,4.166666667,5.25,4.166666667,3.5,4.111111111,4.222222222,1.75,3.1,7,9,5,7,7,6,3,5.333333333,3.25,23,22,37,36,38,12,12,42,27,15,27,7,4
NA,31,1,5,1,1,NA,3,3,3,4,6,4,5,5,4,6,3,5,6,5,5,6,29,0,0,0,3.833333333,5,2.833333333,2.75,4.555555556,4.888888889,1.125,3.6,6,7,5,6,5,4,4,6,2.25,19,25,29,28,36,10,7,23,30,-7,10,8,7
NA,35,1,5,1,1,NA,5,3,3,5,5,6,6,5,5,5,6,5,5,5,5,5,27,0.1,0.2,0.15,3.5,5,5.166666667,2.75,4,3.555555556,2.875,4,12,9,6,6,5,5,6,4.5,3,17,19,38,35,32,11,19,35,31,4,20,5,5
NA,26,1,5,1,1,NA,3,2,2,2,3,6,5,3,4,5,3,6,6,6,6,7,28,0,0,0,1.666666667,2.5,2.833333333,2.875,3.555555556,5,3.625,4.1,6,5,3,5,4,2,2,2.333333333,6.5,28,28,32,43,30,15,13,38,15,23,8,2,4
NA,22,2,7,1,1,NA,5,5,5,5,5,5,5,5,5,5,5,5,5,5,5,5,18,0.4,0.6,0.5,4,5,5,3,3.333333333,3.111111111,2.875,3.6,9,10,6,6,6,6,6,5.5,5.75,14,14,50,34,30,10,20,40,30,10,29,7,5
NA,48,1,5,1,1,NA,6,6,6,6,6,6,6,6,6,6,6,6,6,6,6,6,27,0.3,0.1,0.2,4.333333333,5.75,2.833333333,3.25,4.444444444,4.555555556,1.875,4.2,9,9,5,4,2,3,5,6.333333333,1,25,21,51,35,25,10,7,20,36,-16,0,5,3
NA,61,2,5,1,1,NA,6,5,5,5,5,5,5,5,5,5,4,6,3,5,5,5,24,0.3,0,0.15,4.666666667,5.5,4.833333333,1.75,4.555555556,4.222222222,1.5,3.4,11,6,4,5,4,4,4,6,2.75,27,21,43,37,26,11,13,50,14,36,18,9,3
NA,23,2,5,1,1,NA,4,4,4,4,4,4,4,4,4,4,4,4,4,4,4,4,18,0.6,0.7,0.65,3.833333333,4,3.833333333,2.625,3.111111111,3.111111111,2.625,3,8,10,4,4,4,4,4,4,4.75,12,14,51,30,30,30,20,32,24,8,25,7,3
NA,26,1,5,1,1,NA,3,2,1,2,5,2,2,2,5,3,6,6,4,6,5,7,29,0,0,0,2.333333333,5.25,2.333333333,4.125,3.444444444,4.555555556,1,4.9,8,8,2,8,3,4,2,4.833333333,3.75,15,21,24,27,44,11,1,18,35,-17,1,5,7
NA,58,2,5,1,1,NA,2,1,1,1,5,5,5,1,5,4,1,5,1,4,3,3,16,0.8,0.6,0.7,3.833333333,5.25,5.166666667,2.375,4.111111111,3.444444444,1.625,3,12,8,6,4,2,3,4,5,5.5,28,17,62,19,33,12,19,34,21,13,39,8,3
NA,22,1,5,1,1,NA,7,7,7,7,7,7,7,7,7,7,7,7,4,7,7,7,30,0.2,0,0.1,2.833333333,4.5,4.5,3.125,4.555555556,3.555555556,3.75,4.2,10,5,5,8,8,8,8,5.166666667,3,27,28,23,42,37,34,28,38,18,20,26,6,3
NA,30,2,5,1,2,NA,7,7,7,6,7,7,7,7,7,7,7,7,7,7,7,7,30,0,0,0,5.333333333,6,5,2.625,4.888888889,5,1.875,3.7,7,8,4,5,6,6,2,5,2.25,28,28,22,27,33,11,7,28,26,2,26,6,4
NA,55,2,11,1,1,NA,3,2,2,3,7,7,5,5,6,5,7,5,3,5,5,5,19,0.3,0.1,0.2,4,6.5,5.166666667,2.875,3.777777778,4.222222222,2.5,4.8,7,5,6,8,5,4,4,5.666666667,3.25,25,18,38,26,39,13,10,36,21,15,8,4,7
NA,26,1,5,1,2,NA,4,3,4,2,4,3,3,4,4,3,5,3,3,3,4,5,18,0.4,0.7,0.55,4,4.25,4,3.125,3.111111111,3.111111111,2.875,3.3,13,12,3,3,5,4,5,4,4,16,16,47,30,21,17,19,28,21,7,26,3,8
NA,33,1,5,1,1,NA,3,4,5,4,5,4,4,4,4,4,4,5,5,6,5,6,21,0.1,0,0.05,3.666666667,5,4,3.625,4,4,2,3.8,6,5,5,6,5,6,4,5,4,21,21,31,37,40,20,10,38,29,9,20,6,7
NA,22,2,5,1,1,NA,2,2,1,2,5,2,5,1,5,5,5,6,2,2,2,5,6,0.9,0.9,0.9,1.666666667,5.5,3.833333333,3.375,2,3.444444444,4,4.9,8,5,6,5,5,4,2,5,5.5,24,22,61,16,23,11,36,35,15,20,46,5,3
NA,24,2,5,1,1,NA,3,1,1,1,3,6,3,3,5,5,5,6,3,4,3,3,12,0.7,0.4,0.55,1,1.5,1.666666667,2,2.888888889,4.222222222,2.625,4.2,10,5,4,5,2,4,4,5.166666667,6.75,23,24,63,33,33,26,28,29,33,-4,42,1,2
NA,28,1,5,1,1,NA,5,5,5,5,5,5,5,5,6,5,5,6,5,6,6,6,17,0.1,0.2,0.15,4.333333333,5.25,5,4,3.222222222,3.444444444,2.75,3.3,15,8,5,5,4,6,5,5,4.75,16,20,47,31,31,20,24,39,31,8,26,6,2
NA,25,2,5,1,1,NA,3,6,2,4,5,4,3,6,4,6,4,5,6,3,6,4,21,0.4,0.5,0.45,4.166666667,5.5,5,3.25,4.111111111,4.222222222,3.625,3,14,11,6,3,5,5,5,5.333333333,4.75,14,20,43,31,30,33,9,33,27,6,37,5,6
NA,67,2,5,1,1,NA,1,1,3,4,6,2,2,5,5,5,5,5,5,5,5,5,8,0.3,0.3,0.3,3,2.75,2.166666667,3.375,3.888888889,4.333333333,3.125,3.1,7,12,4,4,2,4,4,3.166666667,4.25,23,26,62,37,29,10,11,29,29,0,15,10,7
NA,38,2,5,1,1,NA,7,5,5,5,7,7,7,4,7,7,7,7,5,5,5,7,26,0.3,0.2,0.25,5.166666667,6.5,5,1.375,4,3.888888889,2.25,1.6,14,5,2,8,3,2,3,3.166666667,3.75,16,21,35,23,18,10,23,37,15,22,28,6,3
NA,23,1,5,1,1,NA,2,2,2,2,2,2,2,2,2,2,2,2,2,2,2,2,24,0.9,0.5,0.7,4.166666667,4.25,2.666666667,1.75,2.666666667,3.444444444,3,1.7,14,10,3,4,2,2,4,2.333333333,3.75,11,8,57,18,13,17,32,41,14,27,56,6,4
NA,24,2,5,1,1,NA,3,3,6,5,6,6,6,6,6,6,6,6,3,6,6,6,21,0.1,0,0.05,3.666666667,5.25,5.666666667,3.375,3.222222222,3.777777778,2.75,3.1,9,6,4,5,6,6,5,2.5,4.25,21,12,41,35,38,15,11,40,22,18,21,2,6
NA,36,1,5,1,1,NA,3,3,2,3,2,2,2,2,6,6,5,6,6,6,3,6,24,0.1,0.1,0.1,4.666666667,5.5,4.166666667,4.25,4.333333333,4.222222222,1.75,4.2,11,9,4,6,3,3,3,5.5,3,9,22,42,37,40,15,12,34,28,6,24,4,7
NA,21,1,7,1,1,NA,2,3,5,3,6,6,6,6,4,3,7,5,5,6,6,6,23,0.4,0.4,0.4,4.166666667,6.25,5.666666667,2.25,3.777777778,2.888888889,3.75,3.6,14,7,6,5,5,7,6,4.166666667,3.75,20,23,60,36,24,34,29,45,23,22,45,4,6
NA,28,2,5,1,1,NA,4,4,2,5,6,5,5,5,5,5,4,5,5,6,6,6,21,0.1,0,0.05,4.5,4.5,4.666666667,3.5,4.111111111,4.222222222,2.25,4,14,10,6,5,2,2,4,5.166666667,2.5,21,19,38,31,27,11,13,27,22,5,10,3,5
NA,57,2,4,1,1,NA,5,4,4,5,6,5,6,6,5,5,5,6,4,5,5,5,24,0.2,0.2,0.2,3.833333333,5,4.5,4,4,4.222222222,2,3.7,7,10,4,5,5,4,4,3.666666667,3.5,23,21,35,26,38,10,11,26,25,1,6,5,6
NA,26,2,5,1,1,NA,3,3,2,4,5,5,5,5,5,5,5,5,5,5,5,5,25,0,0,0,3.666666667,4.75,4.5,3.375,4.333333333,4.222222222,2.375,3.5,11,5,3,5,4,2,2,5.166666667,4.5,25,24,28,32,32,11,12,33,19,14,7,9,6
NA,46,1,5,1,1,NA,5,2,3,2,7,6,7,2,5,3,5,7,1,1,5,7,19,0.7,0.3,0.5,3.166666667,3.5,3.666666667,2,2.777777778,3.333333333,2.625,3.3,12,8,7,8,6,4,5,5.833333333,4.5,10,20,44,21,32,28,31,25,33,-8,34,5,3
NA,44,1,5,1,1,NA,1,1,1,4,6,1,5,4,4,4,1,6,4,4,5,6,22,0.2,0.2,0.2,2.666666667,4.5,2.333333333,3.25,4.222222222,4.888888889,1.625,3.3,10,9,3,6,2,2,2,5.166666667,4.25,22,21,32,18,29,10,6,26,21,5,12,10,6
NA,35,1,5,1,1,NA,6,5,6,4,6,6,6,6,6,6,6,6,6,6,6,6,23,0.2,0,0.1,2.833333333,5.25,4.666666667,2.375,4.333333333,4.888888889,2.375,3,6,5,7,6,6,6,5,5.166666667,4.5,19,23,45,41,46,14,15,37,14,23,30,0,4
NA,38,1,5,1,1,NA,2,2,2,4,5,5,5,5,6,6,5,6,5,4,4,6,27,0.6,0.3,0.45,3.666666667,4.25,5,2.875,3.666666667,4.666666667,1.5,4.9,6,6,5,5,4,4,4,5.666666667,3.25,21,21,26,27,46,11,10,39,22,17,24,2,6
NA,46,2,5,1,1,NA,7,7,7,7,7,7,7,7,7,7,7,7,7,7,7,7,30,0,0.2,0.1,5.666666667,6.25,6.166666667,4.625,3.333333333,3.333333333,2.375,3.6,15,9,4,6,8,8,8,3.333333333,1.25,21,20,20,34,42,14,11,35,31,4,4,4,7
NA,36,1,5,1,1,NA,6,6,6,6,6,6,6,6,6,6,6,6,6,6,6,6,9,0.5,0.7,0.6,4,6,6,2.125,4.111111111,3.333333333,2.5,3.2,7,5,6,6,6,6,6,6,6,15,19,59,34,39,13,19,47,31,16,55,10,2
NA,36,1,5,1,1,NA,2,2,1,3,5,5,5,2,4,5,6,6,4,4,6,6,22,0.2,0.1,0.15,3,5.25,2.333333333,3.125,4.222222222,3.666666667,1.375,4.5,15,8,4,6,3,3,3,6.333333333,3.75,12,26,35,19,33,11,6,37,30,7,10,6,8
NA,29,1,2,1,2,NA,4,4,4,4,4,4,4,4,4,4,4,4,4,4,4,4,18,0,0.2,0.1,3.333333333,4.5,4.333333333,3.875,3.666666667,3.111111111,2.875,3.6,12,10,5,5,6,6,5,4,4,14,21,41,30,32,22,20,32,24,8,40,9,4
NA,33,1,7,1,1,NA,1,2,3,3,6,7,7,3,2,5,3,2,2,5,5,4,15,0.5,0.7,0.6,2.833333333,2.75,2.333333333,2.875,3.222222222,4.888888889,2.125,3.6,7,11,6,6,6,5,5,5.166666667,5.75,13,19,67,28,42,11,12,36,28,8,58,6,9
NA,39,1,5,1,1,NA,1,2,3,5,6,5,5,6,6,6,6,6,3,5,6,6,19,0.2,0.2,0.2,3.333333333,6,5.166666667,2.75,4.222222222,4.111111111,4,3.6,11,6,6,5,6,5,6,4.166666667,3.25,25,27,44,30,30,18,22,39,31,8,18,7,6
NA,40,2,2,1,1,NA,5,5,5,6,6,6,6,6,6,6,5,6,6,6,6,6,28,0,0,0,3.166666667,4.75,3.5,3.125,3.666666667,3.555555556,2.125,3.5,13,12,4,6,6,5,4,5,2.75,18,25,36,27,40,13,11,24,23,1,3,5,5
NA,25,1,5,1,2,NA,3,4,3,4,5,5,5,5,3,5,5,5,3,5,4,4,20,0.7,0.5,0.6,3.833333333,4,4.5,3.25,2.888888889,3.555555556,3,3.2,11,13,4,5,6,3,3,4,4,11,11,44,28,20,20,20,35,23,12,16,3,6
NA,34,1,2,1,1,NA,4,4,5,3,6,5,6,5,5,4,4,5,4,4,5,5,12,0.9,0.7,0.8,3.833333333,4.5,5.166666667,1.875,2.888888889,3.555555556,3.375,4,13,10,6,4,4,4,4,5,4.5,18,21,54,38,30,20,15,35,28,7,54,0,3
NA,46,1,5,1,1,NA,2,2,3,2,5,4,4,3,2,2,2,3,6,3,3,5,16,0.8,0.6,0.7,3.666666667,4.75,5.166666667,1.875,3.333333333,3.777777778,3.75,3,7,10,6,4,3,5,4,3.5,5.75,16,11,56,36,29,19,28,37,27,10,46,3,5
NA,44,2,5,1,2,NA,2,3,2,5,6,6,6,4,3,4,6,7,7,6,6,6,23,0.2,0.1,0.15,4.833333333,5.5,5,4,4.111111111,4.444444444,2.125,3.1,9,8,3,4,4,3,5,5.5,2,23,15,35,30,37,13,7,42,18,24,17,6,6
NA,34,2,4,1,1,NA,3,3,4,6,6,6,5,6,6,6,5,6,4,6,7,6,26,0.1,0.1,0.1,4.5,7,5.833333333,4.375,4.111111111,3.222222222,2.5,4.1,15,5,4,5,8,7,6,5.333333333,1.75,28,26,31,31,25,20,24,31,15,16,14,3,6
NA,31,2,5,1,1,NA,1,1,1,1,5,3,2,2,2,2,1,2,5,5,5,5,7,0.6,0.5,0.55,2.833333333,2.75,4.333333333,1.5,3.333333333,4,3.75,3.8,12,13,5,4,2,2,2,2,6.25,26,17,69,22,12,21,29,30,28,2,69,2,3
NA,34,2,5,1,1,NA,5,4,4,4,6,6,6,5,5,6,4,6,5,5,5,6,22,0.2,0.2,0.2,4.333333333,4.75,6,2,4.111111111,3.888888889,4,3.6,10,10,4,4,4,3,4,5,3.5,24,21,56,43,25,26,22,39,23,16,38,5,5
NA,27,1,6,1,1,NA,5,6,3,7,7,7,6,7,6,7,6,7,7,7,7,7,28,0,0,0,3.5,6.5,4,3.375,4.888888889,4.555555556,1,3.8,6,5,5,5,5,5,5,6.166666667,1.75,28,24,25,31,31,10,7,24,23,1,7,6,5
NA,29,1,5,1,1,NA,3,2,2,2,6,5,5,4,4,5,3,5,2,4,4,5,14,0.8,0.5,0.65,3.166666667,3.75,2.333333333,1.625,3.888888889,3.666666667,2,3.8,12,6,7,7,4,2,2,4.5,4.5,22,15,62,35,23,16,18,50,11,39,66,4,3
NA,63,2,5,1,1,NA,5,6,6,5,6,6,7,7,6,6,5,6,4,6,5,5,14,0.7,0.3,0.5,4.5,5.75,4.166666667,2.25,3.333333333,4.222222222,4.125,3.6,8,8,5,4,2,4,2,5,2.5,28,24,52,50,39,15,18,45,11,34,53,1,5
NA,22,1,5,1,1,NA,2,2,3,3,5,6,6,5,6,5,6,5,5,5,5,5,18,0.1,0.1,0.1,1.333333333,4.25,1.666666667,3.625,2.888888889,3.777777778,1.625,3.4,11,7,7,6,2,2,4,5.833333333,5.75,10,23,34,29,43,14,17,42,24,18,19,3,6
NA,26,2,5,1,1,NA,5,7,6,7,7,7,7,6,7,7,7,7,4,7,7,7,13,0.8,0.6,0.7,3.5,5.5,6,3.125,3.777777778,4.555555556,3,2.8,9,5,5,7,8,8,4,4.333333333,3,24,24,37,26,45,11,19,39,30,9,47,4,4
NA,40,2,5,1,1,NA,4,3,5,4,6,5,4,4,4,3,3,4,3,5,4,3,19,0.8,0.6,0.7,4.333333333,4,4.666666667,2.125,3.666666667,3.777777778,3.375,2.6,12,13,5,5,6,5,4,4.5,5,17,16,49,27,16,20,26,38,19,19,33,7,3
NA,27,1,5,1,1,NA,6,6,6,6,6,6,6,6,6,6,6,6,3,6,6,6,30,0.4,0.4,0.4,4.666666667,7,4.833333333,2.375,4.444444444,3.111111111,3.125,3.8,15,5,5,5,6,6,6,6,3,19,20,25,14,40,11,27,48,22,26,45,8,1
NA,21,1,5,1,1,NA,6,4,3,5,5,5,4,4,5,6,4,5,4,5,4,6,22,0.3,0.4,0.35,4.333333333,5.5,4.666666667,3.5,3.111111111,2.777777778,2.375,3.6,13,13,6,5,5,6,5,4.833333333,5,15,16,46,30,22,13,22,40,30,10,45,1,5
NA,68,1,5,1,1,NA,6,4,5,4,7,6,7,6,6,5,6,5,6,6,6,5,20,0.3,0.3,0.3,3.5,5.5,3.833333333,3.5,4.333333333,3.888888889,2.75,4.9,14,9,5,7,4,8,2,5.333333333,3.25,25,16,61,44,40,19,23,36,18,18,26,5,3
NA,41,1,5,1,1,NA,2,1,2,3,6,4,7,7,1,1,1,2,7,6,5,7,30,0.4,0,0.2,2.166666667,4.25,1.5,3,4.666666667,4.555555556,1,3.6,9,13,2,8,4,4,2,6.666666667,4.25,8,12,21,27,26,10,1,35,20,15,17,1,6
NA,66,2,5,1,1,NA,6,6,6,6,7,5,7,5,5,5,6,5,5,5,6,5,20,0.6,0.7,0.65,4.5,5,5.166666667,2.5,4.444444444,3,3.75,2.3,17,7,4,5,6,6,5,5,3,26,10,44,42,43,19,23,38,21,17,62,5,3
NA,22,1,5,1,1,NA,6,2,3,2,6,6,5,6,6,5,6,4,5,6,6,6,21,0.4,0.2,0.3,3,3.75,2.666666667,2.875,3.888888889,4.111111111,2.25,3.6,12,7,5,4,5,4,5,5.166666667,4.75,15,13,44,28,41,21,17,42,29,13,29,5,6
NA,31,2,5,1,1,NA,4,1,4,4,7,5,4,4,5,5,4,5,4,5,5,6,18,0.4,0.4,0.4,4,3.75,4.5,2.25,4.333333333,4.666666667,2.5,4,9,5,4,8,8,7,4,6.833333333,3.75,26,28,33,28,38,14,8,35,23,12,31,7,3
NA,43,1,5,1,1,NA,4,4,6,5,6,6,6,5,5,5,5,6,4,5,4,5,19,0.5,0.1,0.3,3.666666667,4.75,3.5,2.625,4.444444444,4.111111111,2.375,3.2,11,10,4,4,6,5,5,5.5,4.75,12,15,41,27,33,16,14,44,21,23,15,6,4
NA,27,1,5,1,1,NA,3,2,2,7,6,7,7,7,4,5,6,7,6,7,6,7,25,0,0,0,2.5,5.5,3.166666667,4.125,4.555555556,3.555555556,2.375,4.2,11,8,4,7,7,8,5,5.833333333,3,22,24,31,37,41,18,15,35,18,17,15,4,3
NA,43,1,5,1,1,NA,3,6,5,4,6,5,4,6,7,7,7,7,7,7,7,7,30,0,0,0,2.5,4.75,2.333333333,4.75,5,4.555555556,1,4.2,13,5,2,8,8,8,4,5.333333333,5,28,23,22,26,48,10,1,28,26,2,0,9,5
NA,35,1,5,1,1,NA,2,2,4,4,4,5,3,3,6,5,5,6,5,5,5,5,24,0.3,0.1,0.2,4,5,4.5,2.625,3.888888889,4.111111111,2,4.1,11,9,5,6,2,2,4,5,3.75,20,22,40,39,21,11,10,37,23,14,14,5,5
NA,32,2,5,1,1,NA,6,6,6,5,6,6,6,7,7,7,7,7,6,7,6,7,30,0,0,0,4.666666667,6.5,4.166666667,3.875,4.777777778,5,1.375,4.2,6,5,6,8,8,8,4,6,3.25,25,22,21,41,43,10,1,47,16,31,9,4,6
NA,20,1,5,1,1,NA,1,2,5,4,7,4,7,6,5,7,5,7,7,7,6,7,24,0.3,0.3,0.3,2.666666667,3.5,4.5,1.75,4.555555556,3.111111111,4.375,3.1,10,6,7,8,4,4,3,5.5,4.25,25,26,40,40,22,26,30,45,14,31,44,7,2
NA,37,2,5,1,1,NA,6,5,5,5,6,6,6,6,6,6,5,6,6,6,6,6,30,0.3,0,0.15,5.166666667,6.5,5.666666667,3.625,4,3.555555556,3.625,1.6,11,5,5,5,4,4,4,6.833333333,1.75,20,20,26,29,34,19,12,36,21,15,21,3,5
NA,31,2,6,1,1,NA,2,2,3,3,6,5,6,5,6,7,6,7,6,6,6,7,23,0.4,0.5,0.45,3.5,4.75,2.833333333,1.75,4.333333333,4.666666667,1.875,3.3,17,5,5,7,4,2,2,3.333333333,5.5,11,16,46,24,29,11,9,34,34,0,32,5,6
NA,36,1,5,1,2,NA,6,6,7,6,6,7,7,6,7,6,6,7,5,3,6,5,18,0.4,0.4,0.4,6.333333333,5.75,6.666666667,2.25,2.777777778,3.666666667,5,3.8,10,6,6,6,3,5,8,5.833333333,2.25,20,25,73,37,28,40,38,47,20,27,66,3,3
NA,22,1,5,1,1,NA,2,1,4,2,6,5,7,5,5,5,1,5,1,5,6,5,18,1,0.7,0.85,3,2.75,3.833333333,1.625,3.222222222,4.777777778,4.625,2.1,6,6,8,4,3,4,5,4.5,5.5,17,15,50,31,28,25,20,55,10,45,66,5,3
NA,39,1,5,1,1,NA,5,5,5,5,6,6,7,6,5,6,5,5,4,6,5,6,27,0.8,0.6,0.7,3.833333333,5.5,4.833333333,1.625,4.222222222,3.111111111,2,3.2,10,6,6,7,6,6,3,5.833333333,4,18,22,30,26,40,15,11,36,20,16,42,5,4
NA,36,2,5,1,1,NA,5,4,4,5,7,7,6,5,4,5,5,6,3,5,5,6,19,0.6,0.5,0.55,3.333333333,6,6.166666667,2.5,4.111111111,4,3.875,3.9,13,5,5,7,2,2,4,4.833333333,5,24,22,61,37,23,24,17,40,20,20,36,5,3
NA,24,2,4,1,1,NA,5,5,1,6,6,4,5,7,5,7,7,7,5,7,7,6,25,0.1,0.1,0.1,2.333333333,6.5,4.333333333,4.125,4.777777778,5,1.375,4.5,6,5,4,6,6,6,2,5.833333333,4.25,25,28,28,18,49,14,9,21,26,-5,5,7,5
NA,26,2,5,1,1,NA,6,6,6,6,6,6,6,6,6,6,6,6,6,6,6,6,22,0.5,0.5,0.5,4.666666667,5.75,6,2.375,3.777777778,3.888888889,3.5,3.6,9,5,6,8,8,8,8,5.5,4.75,22,18,50,38,42,23,26,45,24,21,53,3,4
NA,33,2,4,1,1,NA,3,4,2,5,7,6,7,6,5,5,5,6,3,3,5,5,22,0.5,0.4,0.45,4.166666667,5.5,6.5,2,3.777777778,3.777777778,3.625,4.5,17,5,4,5,8,6,3,4.833333333,2,25,17,42,27,34,19,18,38,15,23,23,3,4
NA,49,2,5,1,1,NA,5,6,5,5,6,6,6,4,6,5,6,6,5,5,5,5,19,0.2,0.1,0.15,4.666666667,6.5,6,4.125,3.555555556,4.444444444,2.375,3.4,16,7,4,6,5,2,4,5.166666667,3.25,17,16,47,33,36,18,15,38,25,13,18,5,8
NA,45,2,5,1,1,NA,5,5,5,5,7,7,7,6,7,7,3,6,3,5,5,5,30,0.7,0.1,0.4,5.833333333,6.75,6,3.125,3.555555556,3,2.375,3.8,12,6,6,4,4,4,4,4.833333333,2.5,25,19,41,39,33,19,16,42,17,25,29,1,6
NA,32,1,5,1,2,NA,7,6,7,6,6,6,6,6,7,7,7,7,7,7,7,7,30,0.1,0.2,0.15,4.833333333,6.75,5.833333333,3.625,4.111111111,4.666666667,4.5,3.7,10,5,8,6,6,6,6,5,3.25,27,17,42,40,30,24,25,44,19,25,19,4,3
NA,36,1,5,1,1,NA,6,6,5,6,7,6,6,6,6,5,6,6,3,5,6,7,22,0.5,0.2,0.35,3.666666667,5.5,5.833333333,3.125,3.444444444,3.666666667,2.5,4.3,11,8,7,6,6,6,6,6,3,22,20,37,29,34,15,14,37,23,14,22,4,8
NA,39,1,5,1,1,NA,5,2,3,4,6,6,6,5,3,3,2,4,6,6,6,6,30,0,0.2,0.1,3,5,2.333333333,4.125,4.111111111,3.777777778,2.125,3.4,13,13,2,6,4,4,2,4.666666667,4.75,14,17,29,28,24,13,7,31,26,5,4,3,5
NA,32,1,5,1,1,NA,4,3,3,3,6,6,5,4,6,6,6,5,6,6,7,7,23,0.2,0.3,0.25,2.333333333,3.75,1.833333333,4,4.111111111,3.777777778,2.125,3.9,11,10,3,4,4,4,2,6,4.25,12,11,32,33,22,10,7,23,32,-9,5,8,4
NA,42,1,5,1,1,NA,3,3,3,4,5,5,5,4,4,4,4,5,3,3,3,4,22,0.5,0.3,0.4,3.666666667,4.75,3.5,2.125,3.666666667,2.555555556,2.25,3.8,13,10,6,7,4,4,5,5,3.25,16,21,47,23,23,19,23,33,22,11,49,4,6
NA,21,1,5,1,1,NA,6,7,7,6,5,5,5,7,7,7,6,6,4,5,6,7,18,0.2,0.1,0.15,4.333333333,6.5,6.166666667,4,4.555555556,4.555555556,2.5,3.4,6,7,3,4,4,5,4,6,6.5,17,16,42,31,50,14,11,35,30,5,4,7,7
NA,27,2,6,1,1,NA,5,5,6,5,6,6,6,5,6,6,5,6,6,6,6,6,15,0.2,0.5,0.35,2.666666667,2.5,1.333333333,2.75,4,3.555555556,2.125,3,15,7,5,6,6,6,6,6,2.75,24,23,43,27,25,12,15,29,25,4,35,6,5
NA,36,1,2,1,1,NA,4,4,4,4,5,4,5,5,5,5,5,5,6,6,5,6,24,0,0,0,3.166666667,4.75,4,3.25,3.888888889,4.333333333,2.125,3.4,11,9,5,6,6,5,5,5.166666667,5.5,18,21,40,37,40,12,10,35,28,7,18,9,7
NA,34,1,5,1,1,NA,3,3,3,2,5,5,4,4,3,3,3,3,4,5,4,5,15,0.7,0,0.35,4.333333333,5,4.666666667,2,3.111111111,3.444444444,3.25,3.9,12,9,4,5,2,2,4,4.666666667,4.25,20,20,54,34,27,19,21,39,20,19,33,3,2
NA,53,2,5,1,2,NA,3,6,5,5,6,6,6,6,6,6,6,7,5,6,6,6,27,0.4,0.2,0.3,4.333333333,5.75,5.666666667,1.875,4.444444444,4.333333333,1.625,1.4,11,9,6,3,5,3,3,6,2.75,26,21,29,38,29,13,15,41,13,28,16,4,3
NA,38,1,5,1,1,NA,4,3,3,3,4,3,5,4,4,5,3,3,3,5,3,5,18,0.9,0.6,0.75,3.5,3,3.166666667,2.25,3.222222222,3.222222222,2.5,3.7,12,13,5,5,4,3,5,4.5,5,13,12,47,28,27,15,19,24,26,-2,37,1,6
NA,24,1,4,1,1,NA,2,2,1,2,2,2,2,1,2,1,1,1,1,2,1,2,20,0.6,0.5,0.55,3.833333333,3.75,3.333333333,2.875,2.555555556,3.222222222,2.75,2.5,19,13,2,3,3,3,3,2.166666667,2,14,8,46,27,21,20,19,16,11,5,34,5,7
NA,39,1,5,1,1,NA,2,3,2,5,5,4,4,3,1,4,3,3,2,5,5,5,23,0.5,0.2,0.35,3.5,4.25,4.166666667,2.375,3.777777778,3.888888889,2.25,1.9,9,10,5,7,4,4,4,5.166666667,3.5,11,18,34,22,31,12,6,40,23,17,20,3,7
NA,36,2,5,1,1,NA,2,2,5,1,4,6,4,1,7,7,6,6,4,5,1,3,10,0.9,0.7,0.8,5.166666667,6,6.5,1.25,3.555555556,4,5,3.2,11,7,5,5,4,3,8,1.666666667,6,24,24,70,45,23,45,37,47,14,33,61,2,4
NA,25,1,5,1,1,NA,5,5,5,5,5,5,5,6,5,7,6,6,6,6,6,5,25,0.1,0.2,0.15,3.666666667,5,3.333333333,3.75,4.222222222,4.333333333,1.375,4.1,10,6,5,5,6,6,4,4.333333333,3.75,19,21,42,33,32,10,10,35,25,10,22,4,5
NA,56,2,5,1,1,NA,2,1,1,1,5,3,1,2,2,5,2,5,2,5,3,5,12,0.4,0.2,0.3,2.166666667,1.5,2.666666667,4,2.333333333,4.555555556,2.125,5,7,9,5,8,2,2,2,5.333333333,6,10,11,51,15,29,26,24,13,33,-20,13,3,4
NA,59,2,5,1,1,NA,2,2,2,3,6,5,6,5,5,6,5,6,2,5,4,5,19,0.2,0,0.1,2.166666667,5.25,3.666666667,3.5,4.222222222,4,1.625,4.6,13,7,5,5,4,3,2,5.833333333,4.75,22,25,43,18,31,11,17,33,28,5,4,9,4
NA,38,2,5,1,1,NA,2,1,4,4,6,6,6,6,5,5,3,6,5,5,5,5,15,0.6,0.4,0.5,3.666666667,6,6.5,3.375,3.888888889,3.888888889,3,3.3,16,5,6,2,2,4,2,5.166666667,4.5,22,13,59,35,29,12,15,38,25,13,41,4,7
NA,38,1,2,1,1,NA,3,3,3,3,5,5,4,4,3,4,4,4,3,3,4,4,26,0.8,0.4,0.6,2.5,3,1.333333333,2.5,4.222222222,4,1.125,3,12,12,5,5,2,2,3,4.666666667,4.5,17,19,32,26,24,10,8,20,22,-2,8,9,7
NA,28,2,5,1,1,NA,3,2,1,2,5,5,5,2,5,6,4,7,4,5,5,6,15,0.2,0,0.1,3,4.5,3,3.625,2.666666667,4.333333333,2.75,2.6,10,7,6,4,3,3,2,4.5,4.5,18,13,43,34,28,17,12,27,28,-1,19,4,7
NA,27,2,5,1,1,NA,2,3,2,3,6,6,5,4,6,6,5,6,4,5,3,6,30,0.4,0.4,0.4,2.333333333,5.25,3.5,4.25,4,4.888888889,1.375,2.8,8,5,4,7,4,4,2,5,4.25,9,4,33,25,34,14,11,19,33,-14,6,9,7
NA,59,2,5,1,1,NA,2,2,2,3,6,5,6,2,5,6,5,6,5,6,5,6,30,0,0,0,2.166666667,5.25,4.5,3.375,4.555555556,4,1.75,3.5,11,7,2,2,2,2,2,4.333333333,4,25,21,28,29,40,10,11,28,22,6,5,8,5
NA,28,1,5,1,1,NA,2,3,2,1,5,5,2,1,5,5,5,6,4,6,5,6,9,0.2,0.2,0.2,1.166666667,3.25,2.166666667,2.625,3.222222222,3.555555556,2.5,4.8,11,7,6,4,2,2,4,5.5,5.25,7,22,51,25,19,20,18,29,32,-3,25,6,4
NA,58,2,5,1,1,NA,5,5,4,4,7,6,6,6,5,6,4,5,2,5,6,6,28,0.8,0.2,0.5,4.5,6.25,6,1.625,4,4.444444444,3.625,3.1,14,10,4,6,6,5,6,4,2,22,18,32,29,39,10,12,39,14,25,37,4,5
NA,37,2,4,1,1,NA,3,5,6,2,7,7,6,6,5,6,3,5,2,2,3,6,15,0.6,0.5,0.55,2.333333333,3,1.5,1.125,2.555555556,3.666666667,3.125,3.7,16,7,3,5,3,4,6,4.833333333,5.25,8,2,60,31,37,15,22,29,31,-2,52,0,2
NA,32,2,5,1,1,NA,2,4,4,2,6,7,6,4,6,6,4,7,4,4,5,6,28,0.4,0.2,0.3,4,5.75,6,2.375,3,3.777777778,2.375,4.2,9,5,5,5,6,6,4,5.5,3.5,25,23,38,35,29,22,15,39,23,16,27,3,5
NA,34,1,5,1,1,NA,4,4,3,5,4,6,5,2,7,6,7,6,7,7,7,7,13,0.8,0.6,0.7,2.666666667,6,5.666666667,2.625,3.555555556,4,3.5,4,10,5,8,8,4,4,3,5.166666667,4,15,19,61,37,29,31,31,45,25,20,58,3,1
NA,22,2,5,1,1,NA,1,2,3,5,5,5,6,6,3,6,5,5,4,5,4,6,22,0.5,0.4,0.45,2,4,4,3.5,3,3.444444444,3.125,3.6,11,9,5,8,5,7,5,5.166666667,4.5,12,19,56,26,30,26,24,37,29,8,15,2,7
NA,46,2,5,1,1,NA,3,3,6,4,6,4,7,6,6,7,5,7,4,5,4,6,14,0.7,0.4,0.55,4.333333333,5.5,4.666666667,2.25,3.888888889,2.777777778,3,2.4,15,6,3,8,2,5,4,5.666666667,4,23,18,49,28,34,12,15,36,16,20,58,4,6
NA,49,1,5,1,1,NA,5,4,5,4,6,7,6,6,5,5,5,6,6,6,7,7,28,0,0,0,4.5,6,4.333333333,4.125,3.888888889,4.666666667,1.5,4.4,9,8,3,7,6,6,6,5.833333333,2.75,24,18,28,32,38,11,8,34,32,2,6,6,4
NA,53,2,5,1,2,NA,5,4,5,5,7,7,7,6,7,7,7,7,5,7,7,7,29,0.3,0.1,0.2,4,6.5,3.833333333,2.75,4.333333333,4.222222222,2.5,4.3,11,5,5,6,6,3,5,5.166666667,1.75,27,22,37,36,28,10,6,41,21,20,32,8,6
NA,47,2,5,1,1,NA,1,1,1,1,2,1,2,1,1,1,1,1,1,2,1,2,8,0.7,0.2,0.45,1,2,2.666666667,2.125,2.444444444,5,3.375,4.6,8,11,6,5,2,2,2,4.166666667,7,0,6,56,10,32,13,18,21,22,-1,27,0,8
NA,31,1,5,1,1,NA,3,2,5,4,5,6,4,5,3,6,4,6,4,4,5,6,19,0.6,0.5,0.55,3,5,3,1.75,3.333333333,2.555555556,2.75,4,10,5,6,5,6,6,6,4.333333333,4.5,16,23,68,41,24,15,20,40,25,15,59,2,5
NA,35,2,6,1,1,NA,1,1,1,2,1,2,1,1,3,1,1,2,1,1,1,5,13,0.8,0.4,0.6,1.333333333,5.25,3.333333333,2.25,4.555555556,4.555555556,1.875,4.2,6,5,3,8,2,2,3,6.166666667,5.75,27,27,34,17,41,12,4,47,16,31,58,3,5
NA,66,2,5,1,1,NA,2,2,3,3,6,6,6,3,5,5,3,6,5,6,5,5,25,0.2,0.1,0.15,3.333333333,6,4.5,2.375,4.555555556,4.888888889,1.875,3.6,10,7,4,7,3,3,4,5.666666667,3.5,26,16,39,33,36,11,15,48,8,40,15,9,7
NA,35,2,5,1,1,NA,6,6,7,5,7,6,7,7,5,5,5,5,1,5,6,6,24,0.9,0.6,0.75,5.5,4.5,5.666666667,2.125,2,5,4.125,3.2,8,11,6,4,8,7,7,4.833333333,2.75,13,9,46,41,21,15,26,45,21,24,60,2,7
NA,22,2,5,1,1,NA,6,7,5,5,7,7,7,7,7,7,7,7,7,6,5,6,30,0.8,0.5,0.65,5.833333333,6.5,6.166666667,2.125,3.888888889,2.444444444,3.5,4.6,18,7,6,6,5,6,6,4.166666667,2.5,23,20,42,33,26,25,28,31,20,11,65,4,4
NA,26,1,5,1,1,NA,5,3,5,4,6,6,6,6,6,6,6,6,5,5,4,6,21,0.5,0.4,0.45,5.333333333,6,6.333333333,3.125,3.777777778,3.111111111,3.75,4.5,16,7,6,6,8,6,5,4.666666667,2,22,21,41,33,27,27,19,40,25,15,44,7,3
NA,30,1,5,1,1,NA,6,2,5,5,6,5,5,6,4,4,5,5,6,5,6,6,26,0,0.1,0.05,2.833333333,4.25,3,3.875,4.333333333,4.888888889,1.375,3.9,10,8,7,7,6,6,3,4.666666667,2.5,17,25,34,23,40,11,7,27,26,1,5,1,6
NA,24,2,5,1,2,NA,5,5,5,5,5,5,5,5,4,5,5,5,2,3,5,5,14,0.8,0.5,0.65,3.5,5.75,5.666666667,2,4.222222222,3.666666667,2.875,3.9,13,10,6,5,6,6,5,5,3.5,17,20,45,35,18,15,20,38,14,24,54,3,6
NA,34,1,5,1,1,NA,1,2,6,1,6,7,6,3,4,4,6,4,4,4,6,5,21,0.7,0.4,0.55,3.5,4.75,4.833333333,1.75,1.444444444,1.777777778,4.125,4.8,18,10,8,3,4,2,2,2.833333333,5,10,15,71,25,15,43,36,38,32,6,29,1,3
NA,39,2,5,1,1,NA,6,4,5,5,6,6,6,6,6,6,7,6,7,6,6,6,22,0.2,0.1,0.15,3.5,4.75,5.166666667,3.75,4.111111111,4.222222222,2.625,2.7,9,8,5,4,6,6,3,4.833333333,3.5,19,20,34,36,31,15,32,37,25,12,18,4,6
NA,40,2,5,1,1,NA,5,5,5,4,5,6,6,5,5,5,3,6,4,5,5,5,21,0.1,0.2,0.15,4.5,5,4.833333333,2.375,3.777777778,3.444444444,3.25,2.6,12,7,6,6,5,3,5,5,3,21,15,39,34,36,16,16,48,16,32,24,4,4
NA,28,1,5,1,1,NA,2,2,2,2,5,2,5,5,2,2,2,2,3,3,2,5,24,0.1,0.1,0.1,2,3.5,2.333333333,4,2.555555556,3.666666667,2.5,3.8,10,5,4,6,4,3,2,5.666666667,5.75,21,22,40,20,25,11,10,30,32,-2,23,1,2
NA,51,1,5,1,2,NA,1,1,2,2,6,2,2,5,3,1,1,1,1,4,3,5,18,0.6,0.2,0.4,2.333333333,5.5,3.333333333,2.875,3.888888889,4.444444444,1.75,3.3,7,6,5,7,4,3,2,7,3.5,24,21,42,22,28,10,11,41,23,18,33,7,4
NA,29,1,5,1,1,NA,3,3,3,3,5,5,5,4,4,3,4,5,2,3,3,4,18,0.6,0,0.3,4.5,4.75,4,3.5,2.111111111,4.666666667,3.375,3.2,12,8,6,6,4,4,6,5,5.25,7,21,32,23,31,19,18,32,30,2,27,1,6
NA,24,1,5,1,1,NA,3,2,4,2,6,4,6,4,5,5,5,5,4,6,5,5,26,0.4,0.2,0.3,2.166666667,5,3.666666667,3.75,4,3.777777778,1.25,3.4,11,6,3,4,3,2,3,5.5,4.25,12,20,31,25,39,14,9,32,32,0,27,6,4
NA,41,1,5,1,1,NA,2,2,3,2,4,3,3,3,3,3,3,3,2,3,2,4,9,1,0.7,0.85,1.166666667,2.25,1.5,2.125,3.666666667,3.777777778,1.875,4.1,11,9,6,6,2,2,2,4.833333333,6,10,19,64,16,28,13,16,29,19,10,49,5,5
NA,34,2,5,1,1,NA,1,2,2,4,6,6,6,4,5,3,2,5,2,5,4,6,29,0.2,0.2,0.2,3.666666667,5.5,3.166666667,2.875,4.555555556,5,1,3.3,7,10,3,8,6,5,4,6,2.5,11,10,25,17,37,12,7,34,19,15,7,2,4
NA,29,2,5,1,1,NA,6,7,7,4,7,7,6,7,6,6,6,6,4,6,7,5,25,0.5,0.3,0.4,7,6,6.666666667,2.625,3.666666667,2.666666667,3.875,3.3,19,9,6,4,8,5,7,3.833333333,2,27,22,44,39,23,26,30,42,24,18,42,3,5
NA,52,2,6,1,1,NA,1,1,1,1,5,6,6,2,2,4,4,5,1,1,2,4,10,0.7,0.4,0.55,2.333333333,4.5,6,2.25,2.111111111,4.555555556,3.625,3.3,10,5,4,8,2,2,4,6.666666667,6.25,19,24,49,24,31,18,16,41,15,26,44,2,3
NA,29,1,5,1,1,NA,3,3,4,3,5,5,6,4,5,5,4,5,4,5,5,5,22,0.5,0.4,0.45,3.666666667,4.25,4.5,2.5,3.666666667,3.555555556,3.375,4.2,11,7,4,6,3,4,4,5.666666667,4.5,19,18,49,34,38,15,13,40,23,17,42,2,6
NA,38,1,5,1,1,NA,1,1,2,1,5,5,4,4,2,3,3,3,2,2,2,3,8,1,0.9,0.95,1.833333333,2.25,4.166666667,1.375,3.888888889,3.444444444,4.75,2.1,15,8,8,4,2,2,4,4.833333333,6.25,21,10,77,33,21,41,31,51,8,43,73,4,1
NA,27,2,5,1,1,NA,5,4,5,3,6,5,5,5,6,6,6,6,3,4,5,5,15,0.9,0.7,0.8,5.166666667,5.25,5.333333333,2.375,2.888888889,3.444444444,3.875,4.3,9,7,7,7,6,4,7,5,2.25,25,22,58,36,25,22,21,40,30,10,51,3,3
NA,59,2,5,1,1,NA,2,2,2,4,5,4,2,2,2,2,3,2,4,4,4,5,19,0.7,0,0.35,5,5.75,5,3,3.555555556,4.444444444,2.375,3.7,8,8,5,6,2,2,4,5,4,24,21,51,24,37,11,10,31,29,2,32,5,4
NA,32,1,5,1,2,NA,4,4,5,4,6,6,6,7,5,5,5,6,5,5,6,5,25,0.6,0.5,0.55,3.333333333,5,4,2.25,4,2.777777778,1.75,2.8,14,11,5,6,6,6,4,4.666666667,3.5,12,24,38,28,24,14,12,35,25,10,29,4,6
NA,23,1,5,1,1,NA,2,3,5,4,7,6,6,6,6,7,6,6,5,5,6,7,19,0.1,0.4,0.25,3.833333333,5.25,5.166666667,4.25,2.777777778,2.222222222,3.875,4.3,20,6,5,8,8,7,6,3.666666667,2.75,15,11,43,33,37,26,27,23,37,-14,24,2,4
NA,22,1,5,1,1,NA,3,3,5,3,5,5,5,5,5,5,5,6,3,3,3,6,27,0.7,0.6,0.65,4.5,5,4.5,2.125,3.888888889,3.555555556,2.625,4.1,10,9,5,7,5,6,5,5.666666667,3.25,24,23,56,36,35,15,20,40,24,16,47,5,3
NA,49,1,5,1,2,NA,2,3,3,2,4,4,4,3,3,3,2,4,2,2,2,4,20,1,0.4,0.7,2.833333333,3.25,2.666666667,2,4,4.222222222,2,2.4,9,15,3,5,4,4,2,6,6,9,9,39,18,15,12,14,22,28,-6,21,10,6
NA,27,2,2,1,1,NA,1,2,2,2,7,6,7,5,6,7,1,7,3,6,2,6,15,0.6,0.1,0.35,4.166666667,4.75,6.666666667,1.375,3.666666667,4.888888889,4.125,3.4,8,5,7,6,4,4,8,6.666666667,4.75,26,15,45,39,33,27,27,55,14,41,45,0,4
NA,30,2,2,1,1,NA,5,5,5,5,7,7,7,7,6,5,6,6,4,6,7,6,26,0.6,0.1,0.35,1.5,2,2,2.25,4.222222222,4.888888889,1.375,3.9,9,9,4,6,4,5,2,5.166666667,6,20,27,42,28,41,10,11,21,38,-17,27,8,5
NA,50,1,5,1,1,NA,1,2,2,1,4,4,2,5,4,4,2,2,2,2,2,2,22,0.9,0.6,0.75,2.666666667,4.25,3.333333333,2.125,2.555555556,3.777777778,2.75,4,9,9,2,4,2,2,2,5,4.25,0,7,65,21,20,12,6,36,10,26,57,1,6
NA,45,2,5,1,1,NA,5,4,5,4,6,6,6,5,7,7,7,5,6,6,7,7,29,0,0,0,3.666666667,6,5.166666667,3.125,5,3.888888889,3.25,3.9,7,6,7,4,4,4,5,5.666666667,3.75,27,20,45,36,34,23,24,40,23,17,19,9,2
NA,22,2,5,1,1,NA,4,4,4,4,6,5,5,5,5,5,5,7,4,5,5,5,23,0.1,0.3,0.2,3.666666667,4.75,4.333333333,3.25,3.555555556,4.111111111,3,3.1,10,5,6,4,4,2,4,4.166666667,3.75,13,16,43,34,27,18,16,37,19,18,26,8,4
NA,23,1,5,1,1,NA,4,4,4,4,5,5,4,5,3,3,4,4,5,5,3,5,20,0.3,0.3,0.3,3.5,4,3.666666667,2.375,3.777777778,3.555555556,2.125,2.5,15,11,4,4,4,4,4,4.5,4.25,17,21,59,27,16,10,14,32,23,9,24,8,3
NA,26,1,5,1,1,NA,3,4,3,5,4,3,5,5,5,6,4,6,4,5,5,5,23,0.1,0.1,0.1,3.666666667,4.75,2.833333333,4.125,2.888888889,3.222222222,2.625,4.2,15,7,2,4,6,5,4,3.666666667,3,13,9,33,33,29,18,8,25,24,1,27,2,7
NA,64,1,5,1,2,NA,4,4,4,4,7,4,5,4,4,5,3,6,4,5,5,6,30,0.3,0,0.15,3.833333333,5.25,4.166666667,3,4.111111111,4,2.25,3.8,9,8,3,5,5,4,2,5.333333333,4.25,23,22,32,34,33,11,7,40,23,17,10,4,6
NA,25,1,5,1,1,NA,7,7,7,7,7,7,7,7,7,7,7,7,6,7,7,7,30,0,0,0,3.166666667,6.25,4,5,5,5,1.625,4,9,5,6,6,8,8,6,6.5,1,26,26,21,29,28,10,19,25,26,-1,1,3,5
NA,28,1,5,1,1,NA,5,5,5,5,6,6,6,5,6,6,6,6,6,6,6,6,23,0.1,0.1,0.1,3.5,5.75,4.166666667,3.125,3.444444444,3.555555556,2.75,3.6,12,5,4,6,6,6,5,5.833333333,4.5,21,14,38,39,36,18,16,34,23,11,24,1,7
NA,43,2,5,1,1,NA,3,5,2,6,6,6,6,3,5,6,5,5,5,5,6,6,30,0.4,0,0.2,4.5,6.25,5.333333333,2.75,3.111111111,4,3,3.8,12,5,4,5,5,4,6,4,2,25,10,40,16,31,11,11,19,31,-12,7,4,7
NA,31,1,7,1,1,NA,2,4,6,5,7,6,7,4,5,6,6,7,7,7,7,7,24,0,0,0,4.833333333,6,3.5,4.5,4.444444444,4,2.625,3.6,8,6,5,8,7,8,5,5.833333333,3.5,26,22,29,38,48,11,13,40,27,13,13,8,8
NA,24,1,5,1,1,NA,5,6,5,6,5,5,6,6,6,6,3,5,4,6,6,6,17,0.4,0.8,0.6,4.166666667,5,4.666666667,2.625,2.777777778,3.111111111,3.125,3,14,11,6,6,6,6,7,5.166666667,5.75,15,19,55,29,39,27,20,41,27,14,48,7,4
NA,31,1,5,1,1,NA,3,3,6,2,5,5,4,4,3,3,2,3,2,2,2,2,12,0.8,0.3,0.55,3.166666667,2.5,2.333333333,1,3.333333333,2.888888889,3.875,2.6,15,10,7,4,2,2,3,2.666666667,5.5,21,11,61,31,17,31,28,38,20,18,62,1,2
NA,21,1,5,1,1,NA,4,4,4,4,5,5,4,4,4,4,4,4,5,5,4,5,24,0.1,0,0.05,4,4.25,4,3.25,3.333333333,3.555555556,2.875,3.7,9,5,6,5,5,6,4,4.166666667,4,16,13,38,31,40,10,19,35,24,11,11,3,8
NA,34,2,5,1,1,NA,5,5,3,3,6,6,5,6,6,6,6,6,6,5,5,5,23,0.6,0.4,0.5,2.333333333,3,4.833333333,1.875,3,4.111111111,3.25,2.5,9,9,6,5,4,6,5,5,4.25,20,16,50,43,19,26,22,42,18,24,76,3,6
NA,34,2,5,1,1,NA,6,7,5,4,7,5,6,6,6,7,6,6,1,6,6,6,22,0.7,0.4,0.55,3.666666667,4.5,4.166666667,2.625,3.888888889,3.555555556,2,3.9,16,5,6,6,6,7,5,5,4.5,28,20,42,31,32,10,9,36,24,12,36,7,4
NA,41,1,5,1,1,NA,5,3,5,5,7,6,7,5,5,5,5,5,6,7,6,7,29,0,0,0,3.5,5.5,4.333333333,4,5,4.222222222,1.25,3.2,10,9,5,6,4,4,4,5.166666667,3,23,27,23,42,36,10,10,36,26,10,7,3,7
NA,33,1,5,1,1,NA,5,5,5,5,7,6,6,6,6,6,6,6,5,6,6,6,30,0.1,0,0.05,4,6.25,5.166666667,4.5,3.333333333,4.222222222,2,4.2,10,9,4,6,6,5,2,5.5,2.75,23,17,32,27,33,11,8,24,27,-3,2,2,6
NA,27,1,5,1,1,NA,4,5,4,3,4,4,6,5,5,6,7,5,5,6,6,6,21,0.3,0.1,0.2,4.5,5.75,3.666666667,2.875,4.333333333,4.111111111,3.5,4.6,10,9,7,6,6,5,3,4.666666667,4.75,20,19,38,39,35,18,15,35,22,13,35,3,4
NA,41,1,5,1,1,NA,5,4,4,5,7,7,7,6,4,5,5,6,4,6,6,6,26,0.2,0,0.1,4.833333333,6,5.333333333,3.875,3.666666667,4,2.125,4.2,12,7,3,6,7,5,6,4.333333333,1.25,26,21,28,29,31,10,7,20,32,-12,4,1,7
NA,37,2,5,1,1,NA,4,3,5,5,6,6,7,6,5,6,5,6,5,5,6,6,18,0.7,0.3,0.5,3.333333333,5.5,6.333333333,2.5,3.666666667,3.222222222,3.75,3.3,18,6,8,6,8,6,4,5,5.25,22,12,33,40,34,40,33,40,23,17,50,2,4
NA,24,1,11,1,1,NA,2,2,2,2,4,2,4,4,2,2,2,2,2,2,2,4,11,0.9,0.7,0.8,4.333333333,2.75,2.833333333,1.875,3.111111111,2.222222222,3.875,2.1,18,11,4,2,2,2,5,4,5,15,19,76,27,10,10,28,38,14,24,70,7,1
NA,29,2,5,1,1,NA,4,5,5,4,4,4,4,6,4,5,5,5,5,6,5,5,23,0.6,0.5,0.55,5,6.25,6,2.75,3,3.777777778,3.875,3.7,11,7,6,5,6,5,4,5.5,5.25,17,18,48,32,30,24,23,48,35,13,34,5,6
NA,33,1,5,1,1,NA,2,2,5,5,6,6,6,5,2,2,3,5,3,3,4,3,18,0.8,0.4,0.6,2.5,4.5,3.333333333,2.375,2.666666667,4.888888889,2.875,3.7,6,12,4,7,5,3,2,4.833333333,4.5,7,21,50,29,25,16,16,29,34,-5,43,2,6
NA,31,2,5,1,1,NA,2,3,2,2,5,2,4,4,3,4,3,4,2,3,2,4,30,0.8,0.3,0.55,3.5,4.25,3.833333333,1.375,4.222222222,3.888888889,2.5,4.1,11,9,6,6,2,4,4,4.333333333,3,22,18,32,23,34,14,8,23,13,10,28,6,7
NA,42,2,5,1,1,NA,5,3,5,3,6,7,6,5,6,6,6,6,6,6,6,6,12,0.7,0.4,0.55,5,6.25,6.666666667,1.5,3.777777778,3.888888889,3.75,3.8,11,8,8,4,3,6,5,5.666666667,4.25,20,20,67,39,35,17,14,44,22,22,46,8,2
NA,28,2,5,1,1,NA,3,5,5,5,7,6,5,7,6,6,6,6,7,7,7,7,24,0.3,0.3,0.3,4.833333333,6.25,5.666666667,2.5,4.666666667,4.555555556,1.75,3.8,13,5,6,6,6,6,4,5.833333333,3,21,21,42,38,37,22,15,46,26,20,44,7,5
NA,29,1,5,1,1,NA,3,5,5,6,6,6,5,6,6,3,5,5,2,3,5,4,19,0.6,0.4,0.5,3.666666667,4.75,4,2.375,2.888888889,3.222222222,3,3.8,14,8,6,4,3,4,4,5.333333333,3,16,17,46,31,18,12,21,38,24,14,44,5,2
NA,59,1,5,1,1,NA,3,5,3,3,5,6,6,5,3,5,5,6,2,5,3,5,21,0.8,0.4,0.6,4.333333333,5.5,5,2.5,3.555555556,3.666666667,4,3.2,13,9,3,7,2,4,5,2,3.25,23,21,53,25,31,18,26,38,23,15,31,4,2
NA,42,2,5,1,1,NA,4,3,5,4,6,6,6,5,4,6,4,4,4,6,6,6,27,0.4,0,0.2,4.166666667,5.75,5.166666667,3.625,4.333333333,3.111111111,4.125,4.3,12,10,6,8,4,2,3,5.5,2.25,25,24,44,41,37,19,23,40,17,23,31,6,3
NA,35,2,5,1,1,NA,4,3,4,5,6,5,5,6,7,7,7,7,5,6,6,7,24,0,0,0,3.333333333,6.25,2.666666667,4.5,4,4,1.25,4.4,12,5,3,8,8,6,6,5.833333333,3,18,24,23,24,42,11,5,28,32,-4,4,7,6
NA,33,2,5,1,1,NA,4,4,4,4,4,4,4,4,4,4,4,4,4,4,4,4,18,0.3,0.2,0.25,4,4,4,3.625,3.666666667,3.666666667,2.625,3.6,13,10,6,6,6,6,2,4,4,14,14,40,30,16,10,20,32,24,8,40,10,4
NA,22,2,5,1,1,NA,5,5,5,5,5,5,5,5,5,5,5,5,6,5,5,5,20,0.1,0.1,0.1,3,4.75,4,3.75,4,3.777777778,2,3.7,13,10,4,4,4,5,4,5,4,18,21,40,24,32,16,11,32,28,4,23,7,5
NA,37,2,5,1,2,NA,5,4,4,4,6,6,6,6,4,6,4,6,4,4,6,4,21,0.4,0.3,0.35,4,5,4.166666667,2,3.555555556,2.888888889,3.25,3.6,14,5,6,6,5,5,4,5.5,3,26,20,51,30,21,15,22,36,22,14,36,0,2
NA,36,1,5,1,1,NA,3,4,4,4,4,3,3,3,3,4,4,4,4,4,4,4,11,0.9,0.8,0.85,3.666666667,4.25,4.5,3,3.333333333,3.222222222,2.75,3.2,13,11,4,6,6,4,4,4.333333333,4.25,9,12,49,32,25,15,18,29,21,8,33,1,7
NA,58,2,5,1,1,NA,2,2,1,2,4,5,4,3,3,5,5,6,3,5,5,5,13,0.5,0.2,0.35,1.833333333,4.5,4.333333333,2.25,3.777777778,3.555555556,2.375,4.4,12,8,4,2,3,2,2,5.5,4.25,18,19,41,28,29,12,21,41,13,28,27,5,6
NA,29,2,10,1,1,NA,5,6,6,5,7,6,7,6,7,7,7,7,4,5,6,5,27,0.1,0,0.05,3.5,5.75,3.333333333,4,4.888888889,5,2,4.2,6,5,8,8,6,6,6,6.666666667,3.5,28,28,39,14,48,10,8,28,26,2,8,7,1
NA,31,1,5,1,1,NA,3,3,4,2,6,5,6,6,5,5,5,5,2,5,5,5,18,0.4,0.3,0.35,2.666666667,4.5,3.5,2.75,4,4.444444444,1.625,4.5,7,5,2,5,3,5,5,5.666666667,3.75,20,22,41,24,48,11,6,32,27,5,22,5,6
NA,44,1,5,1,1,NA,1,1,3,3,4,1,4,3,4,2,3,5,2,4,1,4,20,0.1,0.2,0.15,3,4.5,2.5,3.375,4.444444444,4.777777778,1.375,3.3,9,9,3,6,2,2,2,5,5,24,22,34,25,30,10,5,27,21,6,8,10,6
NA,24,2,5,1,1,NA,5,2,5,4,7,6,7,3,4,5,6,6,6,6,5,7,18,0.6,0.3,0.45,3.666666667,5.25,6,1.875,3.333333333,2.888888889,4.25,4,9,5,5,6,8,8,5,4.833333333,5.5,26,24,42,41,41,29,17,49,14,35,54,8,4
NA,35,1,5,1,1,NA,6,1,4,3,7,5,7,5,3,2,3,5,6,6,5,6,26,0.6,0.2,0.4,5,5.75,5.166666667,1.25,4.888888889,4,2,4.1,13,8,3,5,5,6,5,5.166666667,2.25,17,23,46,36,26,17,10,34,15,19,25,6,3
NA,57,2,5,1,1,NA,2,2,2,2,4,5,4,4,2,2,2,2,2,2,2,3,10,0.8,0.2,0.5,3.833333333,4,3.666666667,1.25,3.555555556,3,3.125,3.5,16,13,6,5,3,2,2,5,4.5,20,27,65,21,13,16,27,33,25,8,43,4,3
NA,37,1,5,1,1,NA,3,3,3,5,6,5,5,5,3,5,2,5,5,4,3,7,24,0.6,0.2,0.4,5,6,3,2.25,4.666666667,3.888888889,1.875,3.9,14,10,2,7,5,5,4,5,2,28,23,23,21,20,11,7,18,32,-14,22,7,3
NA,27,1,5,1,1,NA,3,4,3,3,5,6,5,5,5,5,5,5,6,5,5,6,23,0.6,0.3,0.45,4,3.5,2.166666667,1.75,4,4.444444444,3.125,3.7,8,8,5,5,2,2,3,5.166666667,5.25,15,17,39,35,27,15,11,36,19,17,39,4,4
NA,33,2,6,1,1,NA,7,7,7,7,7,7,7,7,7,7,7,7,7,7,7,7,30,0,0,0,6,7,7,5,4.777777778,4.888888889,1.25,4.5,13,5,6,7,8,8,8,7,1.5,28,24,22,31,48,14,7,19,22,-3,3,2,4
NA,22,1,5,1,1,NA,2,3,3,3,6,5,5,6,4,3,2,4,5,2,2,6,23,0.4,0.1,0.25,1.833333333,3.25,3.333333333,1.625,2.666666667,2.777777778,1.625,4,13,8,4,6,5,3,8,5.166666667,6.5,6,20,44,20,26,15,12,12,34,-22,7,5,3
NA,39,1,5,1,1,NA,2,3,2,2,5,6,6,5,5,3,3,6,2,4,3,5,22,0.9,0.5,0.7,3,5,4.833333333,1.5,3.666666667,4.888888889,2.75,3.8,7,7,5,8,2,5,4,2.666666667,5.75,13,14,49,20,26,15,20,37,23,14,38,4,6
NA,41,1,5,1,1,NA,3,3,3,5,5,5,5,5,5,5,5,5,3,5,5,5,18,0.9,0.4,0.65,6.166666667,5.5,6.333333333,1.5,3.333333333,2.666666667,4.875,3.7,15,8,5,5,5,6,5,5.333333333,3.5,28,26,53,37,21,29,23,38,25,13,64,3,4
NA,31,1,4,1,1,NA,4,4,6,6,4,6,4,6,6,6,5,6,4,6,4,6,21,0.2,0.2,0.2,2.5,5.75,1.666666667,3.25,3.777777778,4,1.25,4.7,7,9,5,7,5,5,4,4.833333333,3.25,18,23,35,18,37,10,9,37,25,12,6,6,5
NA,19,1,5,1,1,NA,2,3,2,3,5,6,6,3,5,6,3,3,5,5,5,5,20,0.3,0.2,0.25,4.833333333,5.75,5,3.5,3,3.444444444,4.5,3.5,19,7,4,5,2,2,4,4.666666667,2.75,20,10,63,37,36,19,25,36,27,9,43,1,2
NA,28,1,5,1,1,NA,4,4,4,5,6,5,5,6,5,5,4,6,4,5,5,6,30,0.1,0.1,0.1,3.666666667,5.25,3.333333333,4.5,3.777777778,3.444444444,1.25,4,12,7,6,7,4,4,4,5.166666667,3.75,18,20,35,26,33,12,7,25,32,-7,1,3,7
NA,30,1,5,1,1,NA,5,2,3,3,7,5,6,5,5,5,4,5,6,5,4,5,22,0.5,0.2,0.35,3.5,4.75,4.833333333,1.875,3.555555556,2.444444444,2.75,2.6,10,8,3,4,6,5,4,5.833333333,5.5,10,20,32,28,33,13,18,44,29,15,25,5,4
NA,24,1,5,1,1,NA,6,5,4,4,6,6,5,6,6,3,4,5,2,4,6,6,16,0.4,0.4,0.4,3.5,3.25,3.833333333,2,2.888888889,2.888888889,3,3.4,15,10,5,5,3,4,4,5.5,5.75,14,17,51,22,37,16,16,28,24,4,26,1,5
NA,59,2,5,1,1,NA,4,5,5,6,7,5,5,5,7,7,7,7,4,7,6,7,30,0,0.1,0.05,5.333333333,6.75,4.5,4.625,4.444444444,3.888888889,1,3.1,17,9,3,5,6,6,4,4.166666667,2.5,28,16,21,28,43,10,9,14,39,-25,2,4,3
NA,32,1,5,1,1,NA,6,6,6,6,6,7,6,5,2,2,6,6,7,6,6,6,30,0.1,0.1,0.1,3.333333333,5.25,5,3.5,2,5,3.375,4.7,8,8,7,7,8,8,7,2.166666667,3.5,7,7,58,30,16,23,35,29,30,-1,6,0,3
NA,41,1,5,1,1,NA,5,3,5,5,5,5,6,5,5,5,5,5,6,5,5,5,24,0,0,0,3.5,5,3.166666667,3.875,3.555555556,4.444444444,1.875,3.8,11,7,3,4,5,4,4,5,2.5,19,21,32,30,18,10,10,26,34,-8,8,5,7
NA,28,1,5,1,1,NA,5,3,6,4,5,6,3,5,3,5,4,6,5,3,4,4,13,0.2,0.4,0.3,4.666666667,4.5,4.833333333,2.875,3.555555556,3.444444444,3,3.3,12,8,5,5,5,5,6,3.666666667,4.75,20,17,52,26,36,23,15,35,21,14,18,6,8
NA,3,2,4,1,1,NA,2,2,3,5,6,5,5,4,4,3,3,5,3,5,5,5,17,0.9,0.3,0.6,2.666666667,6,5.666666667,2.25,4.666666667,4.444444444,2.125,3.3,7,7,6,7,4,4,4,7,4,24,25,37,25,43,10,15,41,19,22,29,5,2
NA,22,1,5,1,1,NA,7,7,7,7,7,7,7,7,7,7,7,7,7,7,7,7,30,0.1,0,0.05,3.333333333,7,4.5,3.875,5,5,1,4.3,6,5,6,7,8,8,8,5.5,2.25,28,28,21,16,50,10,0,25,38,-13,0,8,5
NA,32,2,5,1,2,NA,3,3,4,2,4,3,3,4,2,5,4,5,4,2,1,4,6,0.8,0.5,0.65,2.666666667,4,1.5,2,2.666666667,3.555555556,2.625,3.7,15,10,5,5,4,3,6,2.5,5.5,21,8,44,19,23,18,13,27,31,-4,25,2,6
NA,32,1,4,1,1,NA,2,1,2,2,5,6,4,2,2,2,2,2,6,6,5,6,28,0.1,0,0.05,2.5,4.25,3.333333333,3.625,4.111111111,4.111111111,2.375,4.3,11,10,6,6,2,2,4,4.666666667,4,26,28,42,30,30,10,9,20,29,-9,5,6,5
NA,47,2,5,1,1,NA,3,2,2,3,5,5,5,4,5,6,3,5,3,5,4,5,14,0.5,0.4,0.45,2.833333333,5.25,3,1.625,4.222222222,3.444444444,2.125,4,10,9,6,4,3,3,2,4.666666667,4.5,16,16,52,26,32,11,8,36,32,4,27,4,5
NA,25,2,5,1,2,NA,7,7,6,7,7,7,7,7,7,7,4,7,7,7,6,7,28,0.1,0.2,0.15,5.5,6.5,5.666666667,4.125,4.111111111,4.333333333,2.75,3.2,11,7,6,8,6,8,6,5.5,2.5,23,24,37,38,25,20,16,42,21,21,22,6,6
NA,37,2,4,1,1,NA,1,1,2,3,4,7,2,1,5,6,5,6,2,4,5,6,15,0.7,0.3,0.5,2.5,5.25,1.5,3.75,3.333333333,3.888888889,1.75,4.9,14,6,6,8,2,2,4,6.666666667,3.25,14,19,54,19,40,16,13,40,26,14,16,3,7
NA,32,2,5,1,1,NA,6,5,5,5,7,6,5,6,6,6,3,3,4,4,5,5,22,0.8,0.3,0.55,4.833333333,5.5,4.333333333,2.375,3.888888889,3.111111111,2.75,3.2,14,6,4,6,4,4,4,4.833333333,2.5,18,21,42,31,41,10,18,37,22,15,49,2,3
NA,53,2,5,1,1,NA,2,1,2,2,5,1,2,2,1,2,4,4,2,6,5,6,22,0.1,0,0.05,3.833333333,5,6,2.875,3.666666667,3.888888889,2.125,3.3,11,12,4,4,4,3,4,5.833333333,4,20,24,27,24,28,11,11,38,14,24,3,8,6
NA,45,1,5,1,1,NA,3,2,2,2,4,3,3,4,2,2,3,2,3,4,3,4,18,1,0.6,0.8,2.5,3,2,2.25,2.333333333,4,2.625,2.8,9,10,7,6,2,3,3,3.333333333,5.5,12,21,60,23,25,12,20,28,30,-2,21,4,6
NA,34,2,5,1,1,NA,3,2,6,5,7,7,5,5,5,7,5,6,5,5,3,6,21,0.4,0.2,0.3,4.666666667,7,6,3.125,4.111111111,3.888888889,3.5,4.2,11,5,3,7,5,4,5,5,2.25,25,26,32,31,16,14,15,28,24,4,35,3,6
NA,49,2,5,1,1,NA,7,7,7,7,7,7,7,7,7,7,7,7,6,7,7,7,29,0.2,0.1,0.15,6,6.5,6.5,3.25,4.444444444,4.666666667,3,3.1,11,5,6,8,2,2,6,7,1.75,28,24,58,42,36,15,25,55,24,31,32,4,2
NA,63,2,1,1,1,NA,3,5,3,4,5,5,5,5,6,6,5,6,3,4,5,5,15,0.5,0.2,0.35,4,5.75,5.833333333,3.125,3.555555556,4.333333333,2.75,3.7,12,5,3,3,4,4,4,5,3.25,20,21,45,28,37,15,17,37,21,16,21,5,7
NA,27,1,5,1,1,NA,4,4,2,4,6,5,5,5,5,6,7,5,4,6,5,6,26,0.1,0,0.05,3.666666667,5,4.666666667,4,4.222222222,4.444444444,1.625,3.1,8,5,4,5,4,4,2,5.833333333,4.25,8,3,23,23,32,11,6,26,28,-2,4,4,6
NA,41,1,5,1,1,NA,2,4,2,3,4,5,5,3,6,6,6,6,3,5,5,6,19,0.4,0.2,0.3,3,5.5,4.833333333,3,4,3.666666667,3.25,3.9,10,5,7,5,3,2,6,5.666666667,4.25,19,26,36,37,41,14,27,49,20,29,29,4,7
NA,39,2,5,1,1,NA,5,4,5,4,6,6,5,5,5,5,5,5,4,5,5,6,23,0.1,0.2,0.15,4.333333333,4.75,5,3.75,3.555555556,4.111111111,2.5,3.5,13,9,5,6,2,2,2,5,2.5,20,15,38,31,27,15,14,30,27,3,7,4,4
NA,19,2,5,1,2,NA,2,3,1,2,4,3,4,5,5,6,5,5,4,3,4,5,21,0.5,0.4,0.45,3.166666667,4.25,3.333333333,3.875,3,4.333333333,2.5,3.3,8,5,8,8,4,5,5,5.5,4.75,15,3,59,38,29,19,16,39,28,11,53,1,7
NA,38,2,4,1,1,NA,2,2,3,5,6,7,5,6,3,5,4,7,2,4,2,6,25,0.3,0,0.15,3.333333333,5,6.666666667,2.375,3.555555556,3.444444444,3.5,4.4,11,6,4,8,7,7,5,4.166666667,3.25,20,24,37,20,32,36,30,22,28,-6,30,5,2
NA,31,1,5,1,2,NA,5,5,5,5,7,6,6,6,7,7,7,7,6,6,6,7,30,0,0,0,4.166666667,6.25,4.166666667,4.625,4.666666667,4.444444444,1.25,4.6,10,5,3,7,6,6,2,6.333333333,2.5,23,24,22,34,37,10,7,37,19,18,7,0,7
NA,30,2,5,1,1,NA,2,3,3,3,6,5,5,4,3,5,2,6,2,2,2,4,24,1,0.9,0.95,2.166666667,3.75,4.5,2.125,3.222222222,3.666666667,3.25,3.3,13,12,5,2,6,5,4,3.166666667,5,14,8,35,20,31,19,17,18,30,-12,47,1,4
NA,23,1,5,1,1,NA,7,5,6,7,7,6,7,7,7,7,5,7,7,7,7,7,14,0.2,0.4,0.3,5,6.75,6,4.125,4.444444444,4.666666667,3.75,4.8,12,5,7,8,7,7,4,3.166666667,2.25,27,18,50,47,39,32,24,54,20,34,62,2,7
NA,58,2,5,1,1,NA,3,2,5,6,7,7,7,7,7,7,5,7,4,6,7,7,30,0,0,0,5.333333333,7,5.333333333,4.375,5,5,1.5,4.8,6,5,5,6,7,6,3,5.833333333,1,28,22,20,23,30,10,0,21,30,-9,0,10,2
NA,41,2,5,1,1,NA,7,6,6,3,7,6,6,6,6,6,6,6,6,6,6,6,24,0.7,0.6,0.65,3,5,7,1.875,3.444444444,2.666666667,4.375,4.2,19,5,2,2,2,3,2,2.333333333,6.5,28,24,67,36,13,36,39,44,19,25,64,4,1
NA,32,1,5,1,1,NA,1,2,2,1,5,2,5,3,2,2,2,5,3,3,5,5,13,0.7,0.3,0.5,3.333333333,3.25,3.666666667,1.625,2.888888889,2.666666667,3.75,3.2,7,5,5,7,5,4,5,5.166666667,6.25,24,12,38,24,36,16,15,37,20,17,53,3,7
NA,23,1,5,1,1,NA,5,5,3,5,5,5,5,5,5,5,5,5,4,5,5,5,24,0.2,0.1,0.15,4,5,5,3.375,3.111111111,3,2.625,4.3,16,10,4,5,4,5,4,5.166666667,3.5,18,28,50,24,41,16,11,29,30,-1,22,5,5
NA,67,1,5,1,1,NA,3,2,2,2,6,4,4,4,4,4,4,4,4,5,5,5,25,0.5,0.2,0.35,2,3.25,3,3.875,3,5,2.375,3.2,6,11,5,8,2,2,6,4.5,5.5,16,11,48,28,30,11,9,32,30,2,6,0,8
NA,73,1,5,1,1,NA,5,2,6,4,5,6,6,6,3,2,2,6,4,5,6,6,23,0.3,0.2,0.25,2.666666667,4.25,2,3,4.333333333,5,1.125,3,6,5,2,3,2,3,2,5,4.25,25,21,26,26,39,10,7,33,24,9,17,10,6
NA,31,1,5,1,1,NA,1,6,3,6,3,5,4,2,7,5,6,6,2,4,4,2,12,0.7,0.7,0.7,5,3.75,4.333333333,2.125,2.444444444,2.777777778,3.875,3.6,13,7,8,4,4,6,3,3.166666667,4.75,12,8,70,40,19,44,33,25,25,0,41,3,1
NA,49,1,5,1,1,NA,3,3,4,5,5,5,6,4,5,5,5,5,4,5,5,5,19,0.8,0.7,0.75,4.333333333,5,3.666666667,2.875,3.555555556,3.888888889,2.125,4.1,12,5,4,7,3,3,3,4.833333333,4,18,19,43,36,45,12,11,38,20,18,21,4,7
NA,27,1,5,1,1,NA,3,3,2,3,2,4,4,2,6,7,2,6,2,5,4,3,12,0.8,0.6,0.7,3.166666667,5.5,4.666666667,1.625,3.777777778,3.111111111,4.625,3.5,17,6,5,3,2,2,4,4.666666667,3.5,22,22,78,21,19,30,38,34,21,13,63,6,2
NA,30,1,5,1,1,NA,4,2,4,4,4,4,4,4,4,5,4,5,5,4,4,4,18,0.6,0.5,0.55,3.333333333,5.25,5.666666667,2.5,3.222222222,3.111111111,3.75,3.3,14,9,6,6,6,6,6,4.833333333,5,12,14,51,32,30,30,26,32,24,8,39,4,1
NA,50,1,5,1,1,NA,5,5,5,4,7,6,6,5,7,7,6,7,6,6,6,6,30,0,0,0,2.333333333,6,3.666666667,4.625,4.111111111,4,1,3.6,11,5,6,8,5,4,2,6.333333333,4.75,25,21,23,27,23,10,7,33,25,8,2,8,6
NA,44,1,5,1,2,NA,3,2,5,4,6,6,6,6,3,2,5,4,2,2,2,3,10,0.7,0.3,0.5,3.333333333,4.5,4.166666667,1.5,2.555555556,4,3.75,3.9,10,7,5,3,5,5,4,5.666666667,6,17,10,57,29,30,19,18,46,20,26,62,1,6
NA,34,1,5,1,1,NA,3,4,4,5,5,5,4,5,4,5,4,4,4,5,5,5,20,0.1,0.2,0.15,4.5,4.5,5.5,2.75,3.777777778,3.888888889,3.125,3.3,14,10,4,5,5,2,3,4.5,3.5,18,16,46,36,34,18,16,40,24,16,33,2,6
NA,23,1,5,1,1,NA,3,2,4,2,5,4,5,6,2,2,4,4,4,5,5,5,17,0.5,0.3,0.4,2,3.5,3.833333333,1.875,3.666666667,3.333333333,2.125,3.3,12,8,7,5,6,4,2,5.666666667,6,21,21,52,28,20,14,23,41,20,21,59,6,6
NA,58,1,5,1,1,NA,2,4,4,2,6,6,5,2,6,6,5,6,1,5,5,5,20,0.7,0.4,0.55,4.5,6,5.166666667,1.75,4,3.888888889,2.25,3.9,14,5,7,6,3,2,3,6,3.25,27,23,65,20,28,18,21,42,20,22,38,4,3
NA,31,2,4,1,1,NA,6,1,6,6,7,7,7,6,6,7,7,7,3,4,7,7,14,0.9,0.6,0.75,5.5,4.5,4.333333333,1.625,3,4.333333333,4.125,3.5,10,5,5,5,5,6,7,4.166666667,1.75,28,25,43,16,27,10,28,48,29,19,76,0,4
NA,42,2,5,1,1,NA,2,2,1,2,5,2,2,3,3,3,2,5,3,5,2,5,25,0.4,0,0.2,2.5,5,3.166666667,2.625,3.777777778,4.666666667,2.125,3.5,7,9,2,3,3,4,2,6,3.5,16,22,33,20,23,11,6,23,23,0,14,8,5
NA,30,2,5,1,1,NA,6,5,6,5,6,6,6,6,4,4,4,6,4,6,6,7,30,0.2,0.3,0.25,5,6.5,4.833333333,5,4.777777778,5,1.125,4.6,12,7,6,8,8,8,8,6.5,2.75,27,28,21,15,36,10,1,13,31,-18,1,9,7
NA,39,1,5,1,1,NA,1,1,1,1,1,4,4,1,1,1,1,1,1,1,1,1,15,0.8,0.5,0.65,2,2,2,1,4.666666667,3.333333333,2.875,3.2,13,9,3,4,2,2,3,2.333333333,7,28,21,65,11,18,11,17,37,26,11,56,9,2
NA,30,2,6,1,1,NA,1,1,1,5,6,6,6,3,2,7,6,7,2,3,4,1,13,0.7,0.3,0.5,6.333333333,6.5,6.833333333,1.625,4.666666667,3.222222222,4.375,2.5,17,5,7,6,2,3,4,4.666666667,4.5,26,27,51,45,32,33,36,48,10,38,76,6,6
NA,33,1,6,1,1,NA,3,3,2,2,4,2,3,4,3,3,2,4,5,6,6,6,22,0.3,0.4,0.35,3.166666667,4.75,3.833333333,2.25,4.222222222,3.333333333,2.75,3.6,13,7,5,6,2,2,2,5.166666667,6.25,20,20,48,26,38,18,13,36,18,18,39,2,7
NA,42,1,5,1,1,NA,2,2,1,2,2,3,1,2,3,3,4,2,2,3,3,4,11,0.9,0.5,0.7,2.833333333,3.5,1.833333333,2.375,2.666666667,4.444444444,3,4.2,7,10,4,7,2,2,3,5.166666667,4.25,0,14,55,18,29,14,13,43,26,17,38,4,6
NA,32,1,5,1,1,NA,6,1,1,2,7,7,7,7,5,7,6,7,3,3,1,5,11,0.8,0.3,0.55,1,3.5,1,2.125,4.111111111,2.666666667,3.75,3.7,23,5,2,3,3,2,2,1,5.5,20,12,62,34,18,36,35,41,10,31,66,5,2
NA,24,1,5,1,1,NA,2,1,2,2,3,2,3,3,2,1,2,2,3,3,2,2,11,0.8,0.4,0.6,1.666666667,2.25,1.5,1.25,3.111111111,2.111111111,2,2.9,16,14,7,4,4,2,2,5.333333333,7,6,22,63,19,19,12,6,32,22,10,54,8,8
NA,32,2,4,1,1,NA,2,5,3,1,6,3,4,2,2,7,3,5,2,5,7,5,28,0.1,0.1,0.1,3.666666667,5,2.333333333,2.625,4.888888889,4.888888889,1.25,3.6,12,6,8,8,2,3,3,2.5,2.5,28,20,28,20,26,13,9,25,23,2,14,7,5
NA,49,2,5,1,1,NA,6,7,5,6,6,5,6,5,6,6,6,6,5,6,7,6,25,0.3,0.1,0.2,4.166666667,5.5,3.666666667,4,3.888888889,3.333333333,1.625,4.8,9,8,2,8,8,6,5,4,1.25,28,25,30,33,35,17,12,28,24,4,6,6,8
NA,28,1,5,1,1,NA,5,1,5,4,7,6,7,7,5,6,6,6,5,7,6,7,28,0.1,0,0.05,3,6.5,3.666666667,5,5,5,1,4.6,14,5,5,5,2,4,3,5.666666667,3,26,23,21,25,50,10,7,24,32,-8,0,7,4
NA,29,2,5,1,1,NA,2,2,2,3,5,5,4,2,4,3,5,5,5,5,4,4,12,0.5,0.1,0.3,4,4.5,3.833333333,2.5,3.555555556,3.888888889,3.25,3.9,13,13,4,5,2,2,4,4.666666667,4,21,19,58,34,24,20,18,34,22,12,23,5,3
NA,58,2,7,1,1,NA,6,6,6,6,6,6,7,6,6,5,6,6,6,6,6,6,26,0.2,0.2,0.2,3.5,3.75,4.833333333,2.875,4.555555556,3.666666667,2.625,2.8,11,9,6,6,8,8,2,3.5,2.25,27,23,32,42,36,10,8,48,18,30,9,7,6
NA,59,2,5,1,1,NA,6,6,6,6,7,6,6,6,6,6,5,7,7,7,6,7,27,0.3,0,0.15,5.166666667,5,4.5,2.75,4.333333333,4.555555556,3.25,3.5,10,9,5,4,6,6,3,6,2,28,28,23,40,42,18,15,43,25,18,15,6,5
NA,24,1,2,1,1,NA,2,4,3,5,6,2,4,4,5,4,3,4,3,6,5,4,18,0.6,0.4,0.5,4,5,3.666666667,2.25,3.111111111,3.333333333,3,2.2,17,14,5,5,4,6,4,4.333333333,3.25,11,13,40,27,22,11,19,35,25,10,38,6,5
NA,30,2,5,1,1,NA,5,6,5,4,6,6,5,6,6,7,6,6,6,6,6,7,28,0,0,0,4.5,5.5,5,3.75,4.555555556,5,2.125,3,6,6,5,7,5,4,3,6,3.75,15,20,23,33,30,10,4,27,29,-2,6,6,6
NA,28,2,2,1,1,NA,2,1,2,5,1,5,6,2,1,1,1,4,6,3,3,1,15,1,0.6,0.8,4.333333333,6.5,5.833333333,2.625,3.222222222,4,4.75,4.2,10,6,8,8,2,5,5,4.5,3.75,21,13,74,40,28,34,24,51,17,34,64,2,5
NA,38,1,5,1,1,NA,2,3,5,3,6,5,5,5,5,5,5,6,3,3,4,5,12,0.7,0.4,0.55,3.5,5.25,4.833333333,3.125,4.555555556,4,2.375,2.4,10,8,7,6,7,5,3,5.833333333,4.75,25,6,49,22,34,17,10,32,30,2,35,2,5
NA,45,2,5,1,1,NA,4,6,5,5,6,4,6,5,4,6,4,4,5,6,6,7,26,0.2,0.1,0.15,4.5,5,4.5,3.375,5,4,2.375,3.6,9,7,3,7,5,5,3,5.166666667,3,25,21,31,40,35,16,9,28,31,-3,11,8,5
NA,46,2,5,1,1,NA,3,4,4,2,3,4,2,2,5,5,3,5,2,2,2,4,6,0.9,0.4,0.65,2.666666667,3.25,5,2.75,2.888888889,3.222222222,4.25,3.2,16,12,7,7,3,3,7,4.166666667,4,15,12,54,17,12,27,29,36,30,6,42,2,5
NA,33,2,5,1,1,NA,5,3,4,5,7,5,7,5,6,6,6,5,7,7,6,7,30,0.3,0.1,0.2,4.166666667,5.25,4.5,3.125,4.111111111,4.555555556,2.625,4.6,10,5,7,5,7,4,4,3.666666667,1.75,23,16,30,38,32,16,11,42,24,18,29,7,5
NA,28,2,5,1,1,NA,6,6,6,6,6,6,6,6,6,6,6,6,6,6,6,6,30,0.1,0.2,0.15,4.833333333,6,5.333333333,4,3,4.333333333,3.75,4.5,8,5,5,6,6,6,6,5.666666667,2.75,15,13,36,38,31,30,18,29,28,1,23,2,4
NA,25,1,5,1,1,NA,5,3,5,5,5,5,4,6,5,5,4,5,4,4,6,5,17,0.2,0.5,0.35,3,3.75,5,2.875,3.111111111,3.111111111,2.75,3,14,13,5,3,5,5,2,4,3.75,15,16,47,34,25,18,18,31,25,6,24,6,7
NA,37,2,5,1,1,NA,7,6,5,6,7,6,6,6,6,7,6,7,4,6,7,7,24,0.2,0.1,0.15,4.5,6.5,4.5,4.625,4.333333333,4.111111111,2.375,3.2,21,7,3,4,7,7,3,3.333333333,2,19,22,33,27,49,17,17,28,17,11,11,4,4
NA,26,1,5,1,1,NA,1,1,1,2,5,5,4,1,1,1,3,1,1,2,5,4,17,0.6,0.1,0.35,2.5,4.75,3.666666667,2.75,2.333333333,4,2.375,4.9,7,9,3,2,2,2,2,5.666666667,2.5,16,28,57,20,27,20,18,16,35,-19,12,4,3
NA,22,1,5,1,1,NA,3,2,2,3,6,5,6,6,5,5,6,6,6,5,4,6,22,0.1,0,0.05,3.833333333,5.5,3.833333333,3.625,4.222222222,4.111111111,2.375,3.9,11,7,8,6,6,5,4,5.166666667,4.5,21,21,33,33,36,17,13,34,33,1,16,5,9
NA,24,2,4,1,1,NA,5,4,4,4,6,6,6,6,6,6,5,6,5,6,5,7,25,0,0.1,0.05,5.333333333,5.25,4.333333333,4.125,3.777777778,4.444444444,3.125,4,8,5,6,8,5,4,5,5.5,4.75,24,22,28,28,39,14,17,26,22,4,3,5,7
NA,54,1,5,1,1,NA,3,2,2,2,5,5,5,4,5,5,3,5,5,5,5,5,19,0.5,0.2,0.35,2.666666667,2.75,3,3.125,2.888888889,4.333333333,2.5,3.8,8,7,4,5,4,4,2,6,5.75,10,9,40,24,35,11,18,28,22,6,10,5,7
NA,51,2,5,1,1,NA,5,4,5,6,7,6,7,6,6,6,6,5,5,6,6,6,28,0.3,0.3,0.3,2.666666667,6.75,4.166666667,4.125,4.888888889,4.888888889,1.375,4.6,6,5,6,8,7,6,7,5,2.25,14,23,30,27,47,17,18,35,22,13,13,6,8
NA,26,1,5,1,1,NA,4,4,2,2,6,4,6,7,4,2,4,4,4,4,2,4,17,0.1,0.2,0.15,2.833333333,4,3.5,3.5,3.111111111,5,1.25,4.7,7,5,5,7,6,7,3,6.833333333,6.25,12,28,50,17,29,11,4,30,39,-9,0,3,5
NA,23,1,5,1,1,NA,2,1,1,1,6,3,3,5,6,5,5,5,3,3,3,5,16,0.8,0.3,0.55,1.166666667,2.75,2.5,1.625,2.888888889,4.666666667,3,2.9,10,7,7,7,2,2,3,5.5,6.5,22,22,64,19,43,17,27,33,28,5,39,3,4
NA,25,2,5,1,1,NA,3,5,5,2,3,3,6,5,4,6,3,4,3,4,5,3,18,0.7,0.5,0.6,4.333333333,5.75,5.666666667,3.75,2.555555556,3.333333333,3.375,3.6,14,6,4,4,4,4,5,4.5,2.5,14,8,48,28,22,18,21,34,25,9,35,0,6
NA,28,2,4,1,1,NA,4,5,5,4,7,6,6,6,5,5,6,7,6,2,5,6,18,0.4,0.3,0.35,5.5,6,5.833333333,1.125,3.666666667,3.555555556,3.625,4.3,8,7,6,6,4,4,5,5,4.5,24,22,60,41,10,14,31,51,14,37,75,1,4
NA,25,1,5,1,1,NA,2,4,4,4,6,6,6,6,3,6,4,6,4,6,6,6,14,0.5,0.3,0.4,3.5,6,6.666666667,2.75,3.777777778,4.555555556,3.75,4.4,9,6,8,8,4,4,6,6,4,24,28,49,38,44,32,20,43,31,12,53,2,5
NA,23,2,5,1,1,NA,6,5,6,6,6,6,6,6,6,7,6,6,5,6,6,6,23,0,0,0,4,5.5,5.333333333,3.5,4.333333333,3.555555556,2.5,3.9,16,10,4,6,6,5,3,4.666666667,2.25,24,17,40,37,34,11,18,41,17,24,19,4,5
NA,30,1,5,1,1,NA,3,1,6,3,6,5,5,6,5,6,6,3,3,6,5,7,24,0.2,0,0.1,3,5.25,5.166666667,3.75,4,4.333333333,2.5,4,12,6,7,6,6,6,4,6.333333333,3,15,22,46,22,40,10,19,41,20,21,3,4,7
NA,37,1,2,1,1,NA,5,5,5,5,5,5,5,5,5,5,5,5,5,5,5,5,20,0.4,0.6,0.5,3.833333333,4.75,4.5,2.75,3.222222222,3.444444444,2.75,3.3,12,10,4,4,4,3,4,4.5,4.5,18,14,51,29,10,12,17,35,24,11,24,6,5
NA,49,2,5,1,1,NA,2,2,2,4,7,7,6,5,5,2,5,6,4,6,5,6,30,0.6,0.2,0.4,3.166666667,6.75,5.666666667,2.25,4.333333333,4.222222222,2,4.9,10,6,6,7,6,3,3,5.666666667,2,24,18,41,26,28,30,23,45,22,23,29,6,4
NA,32,2,5,1,1,NA,6,5,4,4,7,6,7,6,4,6,6,6,4,4,5,7,21,0.7,0.3,0.5,4.166666667,5.25,5,2,3.111111111,2.888888889,3.625,3.8,16,8,6,4,6,6,4,4.666666667,3.5,16,20,46,36,26,24,20,40,22,18,52,3,5
NA,68,2,5,1,1,NA,7,7,7,7,7,7,7,7,7,7,7,7,7,7,7,7,30,0,0.2,0.1,5,7,7,4.75,5,4.555555556,2.75,4.8,13,5,4,8,8,8,6,7,1,28,28,20,40,42,10,0,11,42,-31,0,6,5
NA,26,2,5,1,1,NA,4,2,5,5,7,6,6,5,7,7,5,7,6,7,6,7,28,0.1,0,0.05,4,6.25,5.333333333,4,4.555555556,3.777777778,3,4.2,13,5,3,6,6,5,5,5,2.25,26,22,44,37,42,20,16,37,23,14,17,6,6
NA,35,2,10,1,1,NA,2,4,4,3,6,6,6,6,5,5,3,7,5,6,3,5,22,0.6,0.5,0.55,5.166666667,6.25,6.666666667,2.25,4.888888889,4.555555556,3.75,4.4,10,6,7,6,8,8,7,5.333333333,3.5,26,27,33,34,31,27,20,41,18,23,47,8,7
NA,26,2,5,1,1,NA,6,6,6,6,6,6,7,6,6,6,6,6,6,6,6,6,22,0.9,0.3,0.6,4.666666667,5.75,3.5,3,3.444444444,3.111111111,2.875,3.4,7,6,2,2,2,2,3,6.166666667,6.25,12,27,42,19,35,13,4,30,14,16,22,8,2
NA,38,2,10,1,1,NA,3,3,3,3,5,5,5,5,6,6,4,5,2,4,2,6,24,0.9,0.6,0.75,2.333333333,4.5,4,2.375,3.666666667,3,3,3.5,14,10,6,6,4,4,3,5.333333333,4.5,21,21,46,24,23,26,15,29,19,10,44,7,2
NA,21,2,10,1,2,NA,3,5,5,6,7,6,6,5,5,5,5,7,4,6,7,6,22,0,0,0,3.833333333,5.75,5.666666667,3.25,3.555555556,4.111111111,2.875,4.4,13,7,4,7,5,6,4,5.333333333,2.75,19,16,45,31,37,16,15,40,27,13,18,2,6
NA,39,1,11,1,2,NA,5,5,4,4,7,6,7,6,5,5,6,6,4,4,5,6,25,0,0,0,3.666666667,5,3.833333333,3.5,4,4.444444444,2.875,3.4,11,11,5,4,4,4,4,5.166666667,3.5,17,20,35,38,30,12,16,37,12,25,12,5,7
NA,49,2,5,1,1,NA,2,3,2,3,4,5,5,4,3,3,3,3,3,3,3,5,17,0.4,0,0.2,3,5,3,3.75,4.222222222,4.444444444,2.125,3.9,11,8,5,6,4,2,3,5,2.25,21,19,44,23,35,13,19,26,25,1,5,6,6
NA,38,2,8,1,1,NA,5,6,7,7,7,5,7,7,7,6,6,7,5,6,5,7,18,0.6,0.3,0.45,6.833333333,6.25,7,2,2.666666667,2.666666667,5,2.5,22,5,2,2,8,8,4,3.166666667,1.5,24,12,56,47,17,45,40,44,21,23,46,4,5
NA,45,2,10,1,1,NA,1,1,1,2,2,5,4,1,1,2,2,1,1,1,1,4,10,0.3,0.1,0.2,2.666666667,3.75,3.666666667,2.625,4.111111111,5,1.75,4.4,6,14,5,8,2,2,6,5,4.75,18,25,58,19,31,19,22,43,28,15,7,9,6
NA,31,1,4,1,1,NA,2,2,2,5,6,6,5,6,2,2,2,6,2,4,5,5,15,0.6,0.2,0.4,2.166666667,4.25,3.166666667,2.5,2.777777778,4,2.375,3.9,11,11,4,7,4,4,4,5.666666667,5.25,9,20,40,24,32,10,11,32,30,2,17,5,4
NA,33,1,5,1,1,NA,7,6,6,6,7,7,6,7,7,7,7,7,7,7,5,7,27,0.1,0.5,0.3,5.833333333,5.25,5.5,3.125,3.222222222,4.444444444,3.875,2.9,7,5,2,8,4,4,8,3.5,1.25,13,7,29,35,27,10,9,35,20,15,14,3,7
NA,38,2,5,1,1,NA,3,3,5,3,6,5,6,5,5,6,5,6,2,4,4,3,18,1,0.4,0.7,2,2.25,3,1.875,4.444444444,4.222222222,2.5,2.5,6,5,5,6,6,6,4,4.666666667,6,22,20,28,26,35,11,6,39,18,21,39,2,6
NA,49,1,5,1,1,NA,4,4,5,4,7,7,7,7,5,6,5,7,6,7,6,6,18,0.1,0.1,0.1,1.5,3.75,4.5,3,4,4.222222222,3.75,4.8,12,10,3,4,8,6,4,3.166666667,5.25,27,25,37,35,29,26,31,38,25,13,19,5,3
NA,44,1,6,1,1,NA,4,5,4,4,5,6,5,4,6,7,5,6,4,5,4,5,14,0.3,0.4,0.35,5.5,6.25,4.666666667,2.5,2,1.444444444,4.375,2.3,20,11,8,4,4,4,6,2.333333333,2.5,5,6,47,27,20,39,31,43,21,22,32,0,2
NA,43,1,5,1,2,NA,4,4,5,4,4,4,4,3,4,4,5,4,5,5,4,4,13,0.4,0,0.2,4,4,3.666666667,2,3.666666667,2.555555556,3,3.3,16,9,6,5,5,4,2,4.666666667,4.5,21,18,46,27,27,14,19,28,29,-1,19,9,7
NA,33,1,5,1,1,NA,3,2,6,5,4,7,5,6,5,4,5,4,6,6,6,5,19,0.4,0.5,0.45,3.833333333,5.25,5.166666667,3.75,3,2.222222222,3.375,4.5,17,12,7,4,6,8,7,5,4.5,12,15,48,33,34,33,20,35,24,11,40,4,5
NA,33,2,4,1,1,NA,2,2,6,6,6,2,6,2,6,6,6,6,2,6,4,6,20,0.4,0.5,0.45,5.333333333,5,5.166666667,4.25,3.666666667,3.777777778,1.625,2.4,13,11,6,6,6,5,5,2.5,3.75,17,18,51,30,22,13,16,33,26,7,29,4,2
NA,43,1,4,1,1,NA,2,2,2,4,5,5,5,4,4,4,4,6,4,5,4,5,17,0,0.1,0.05,3.5,5.25,3.666666667,3.75,4.333333333,4.333333333,2.375,4.8,15,7,6,8,4,4,5,5.666666667,2.75,26,24,28,28,37,10,9,28,28,0,1,5,3
NA,60,2,5,1,1,NA,6,5,3,6,6,6,6,6,5,7,3,7,3,6,5,6,22,0.5,0.2,0.35,4.5,6.75,5.333333333,2.25,3.666666667,3.444444444,3.375,4.1,13,7,6,7,7,8,5,5.666666667,2.75,21,23,37,24,31,14,14,39,21,18,29,6,7
NA,35,2,5,1,1,NA,4,5,4,5,5,5,5,4,5,5,5,5,4,5,5,5,21,0.6,0.2,0.4,4.666666667,5,5,2.75,3.777777778,4,2.75,2.9,11,10,3,2,3,3,5,4.333333333,4,20,21,43,36,26,13,15,40,23,17,37,6,4
NA,32,2,4,1,1,NA,4,3,4,4,6,6,5,6,4,4,5,4,4,3,4,4,18,0.8,0.4,0.6,2.666666667,4.75,5.666666667,3.5,3.111111111,4.111111111,2.875,4.2,13,9,8,5,4,2,4,4.666666667,3.5,16,10,52,31,38,11,13,27,27,0,24,3,4
NA,31,2,10,1,1,NA,3,4,5,6,7,7,7,6,7,7,5,6,5,5,6,6,19,0.7,0.5,0.6,4.5,6,5.5,1.25,3.666666667,3.333333333,4.5,3.4,14,9,5,5,6,6,3,4.166666667,2.25,27,12,49,33,27,17,23,48,15,33,63,6,3
NA,27,1,5,1,1,NA,2,2,2,3,4,2,2,2,4,5,4,4,2,3,2,4,19,0.7,0.3,0.5,2.333333333,3.75,3,2.375,2.222222222,3.777777778,3,4.5,12,11,6,6,2,4,5,5.833333333,4.5,7,7,55,20,27,14,14,19,36,-17,17,1,4
NA,35,2,5,1,1,NA,7,6,6,7,7,7,7,7,7,6,6,7,6,7,7,7,30,0,0,0,3,6.75,5.333333333,5,5,4.666666667,1,4.5,10,5,2,6,6,6,7,7,2.25,28,24,24,31,40,10,2,19,33,-14,0,4,7
NA,35,1,2,1,1,NA,5,3,5,4,6,4,5,5,5,5,5,6,4,7,7,7,29,0,0,0,3.166666667,5.5,4,4.625,4,4,1.5,3.3,17,11,5,6,4,4,3,6,4.25,13,17,34,27,35,10,13,23,30,-7,4,8,3
NA,24,1,5,1,1,NA,6,7,5,5,6,7,6,7,5,7,5,5,7,7,7,5,17,0.3,0.3,0.3,4.333333333,5.5,5.666666667,3.375,3.111111111,3.111111111,3.625,3.8,13,9,5,7,5,8,7,6.5,5.75,14,14,51,32,49,10,26,51,33,18,55,4,5
NA,21,1,5,1,1,NA,5,4,4,2,7,4,7,7,4,4,4,7,4,5,4,7,25,0.7,0.2,0.45,2,3.5,3.5,1.25,4.333333333,4.777777778,3,3.6,6,6,4,4,4,4,4,5.833333333,4.5,26,28,31,33,17,11,2,45,10,35,65,7,5
NA,31,1,5,1,1,NA,6,6,6,6,6,6,6,6,6,6,5,6,2,5,6,5,22,0.5,0.3,0.4,3.666666667,6,4,3,2.666666667,3.111111111,2.375,3.6,9,10,6,6,6,6,6,6,5,9,16,50,21,21,13,14,32,36,-4,21,3,6
NA,30,1,5,1,2,NA,5,4,7,4,4,6,4,5,4,5,5,5,5,5,4,5,18,0.6,0.7,0.65,4.833333333,3.75,3.833333333,2.75,3.222222222,3.111111111,2.75,2.3,19,9,4,5,4,6,7,3.5,3.25,19,15,53,25,25,24,18,39,28,11,43,6,4
NA,52,1,5,1,1,NA,5,3,3,2,6,5,6,6,5,5,3,6,5,5,5,6,23,0.5,0.2,0.35,2.833333333,5,2.833333333,1.375,3.666666667,4,1.875,3,14,8,5,6,5,5,3,6,4.25,11,18,32,33,28,11,8,38,22,16,19,6,6
NA,30,2,4,1,1,NA,5,5,5,6,6,5,5,6,5,5,5,6,5,6,4,5,21,0.2,0.1,0.15,4.333333333,5.5,5.666666667,4,3.444444444,4.444444444,2.625,4.2,12,7,3,7,5,5,5,6,5.25,18,20,39,29,41,12,14,35,28,7,11,2,3
NA,22,2,6,1,1,NA,4,3,4,5,4,5,5,6,4,4,5,5,4,5,5,5,15,0.3,0.4,0.35,3.833333333,4.25,4,2.75,3.555555556,3.222222222,3,4.2,17,11,6,4,5,5,5,4.5,4.75,17,18,50,29,30,19,19,31,23,8,32,1,3
NA,47,1,5,1,1,NA,2,3,3,2,6,3,5,3,3,3,3,5,3,5,5,5,12,0.7,0.3,0.5,3,2.5,2,3.5,3.777777778,4.888888889,3.625,4.1,8,11,2,8,4,3,2,4.833333333,6.25,8,26,59,22,38,15,9,23,31,-8,32,6,8
NA,31,1,5,1,2,NA,4,5,5,5,7,7,7,6,7,7,7,7,5,6,6,7,24,0.5,0,0.25,3.333333333,6.5,4.5,3.875,3.444444444,4.555555556,1.5,4.8,9,5,6,7,7,6,6,6.166666667,4,16,8,27,23,35,10,9,42,25,17,15,2,3
NA,29,2,5,1,1,NA,3,6,4,5,5,5,6,5,4,5,5,3,5,5,5,6,28,0.3,0,0.15,4.5,5.25,4.5,3,4.777777778,4.777777778,1.25,3.9,9,7,6,6,6,6,5,5.666666667,3.5,28,27,31,26,38,11,18,45,23,22,5,6,8
NA,44,2,5,1,1,NA,2,2,2,4,7,6,4,4,4,4,4,4,4,6,6,6,28,0.6,0.2,0.4,2.333333333,4.5,4,2.125,4.888888889,4.777777778,1.125,3.1,6,9,6,5,4,2,3,6,4,28,20,43,30,32,10,15,34,30,4,24,5,3
NA,31,1,6,1,1,NA,5,3,4,6,7,5,7,6,5,6,6,7,4,5,7,7,30,0.1,0.2,0.15,5.5,6.25,5,2.75,4.666666667,5,1.125,4.6,6,5,2,4,7,6,4,6.166666667,1,28,28,28,41,35,10,6,44,31,13,12,7,8
NA,27,2,3,1,1,NA,7,7,7,7,7,7,7,7,7,7,7,7,7,7,7,7,23,0.1,0.2,0.15,6.166666667,7,6.666666667,5,4.444444444,3.777777778,3,4.5,8,5,7,8,8,8,5,4.833333333,2.25,24,23,39,48,49,20,28,51,19,32,20,3,8
NA,19,2,4,1,1,NA,6,4,5,4,6,7,7,7,5,5,4,6,5,6,5,6,22,0.1,0,0.05,3.166666667,5.5,4.833333333,3.125,4.222222222,4.111111111,2.75,4.6,11,6,6,7,5,4,3,5.5,3.5,26,24,45,41,33,17,12,41,28,13,23,5,7
NA,45,2,5,1,1,NA,5,4,3,5,7,7,7,5,4,5,4,7,5,7,7,7,30,0,0,0,4.166666667,6.5,4.5,4.25,5,4.777777778,1,4.7,11,5,4,8,6,4,4,6,3,28,28,26,36,34,10,4,37,25,12,7,1,8
NA,44,1,5,1,1,NA,2,2,2,2,2,3,2,3,2,2,2,2,2,2,2,2,22,0.8,0.2,0.5,4.666666667,4,4.833333333,2.625,3.333333333,3.777777778,3.5,3.9,14,13,4,6,2,2,4,4.333333333,3.5,21,21,56,21,26,11,4,28,31,-3,20,4,3
NA,21,1,5,1,1,NA,5,4,5,4,4,4,4,5,4,4,4,4,4,4,4,5,19,0.6,0.2,0.4,3.666666667,3,3.833333333,2.25,3.333333333,2.777777778,3.375,3.7,17,10,4,4,3,4,4,4.666666667,4.75,21,14,53,32,22,19,22,31,27,4,29,4,5
NA,37,2,10,1,1,NA,2,1,1,2,5,5,4,4,3,5,5,4,4,4,5,4,12,0.1,0,0.05,3.5,5.5,5.333333333,3.5,4,3.666666667,3.125,4.4,12,7,5,8,4,4,5,5.833333333,3,23,21,57,22,36,10,11,29,25,4,14,3,6
NA,28,2,5,1,1,NA,4,4,6,3,7,7,6,6,4,4,5,6,2,5,5,5,22,0.8,0.4,0.6,4.5,5.25,7,1.25,3.444444444,3,4.875,4,8,8,8,4,3,4,4,5.666666667,1.5,24,24,65,39,23,34,27,51,9,42,76,1,6
NA,29,1,5,1,1,NA,2,2,1,4,5,6,3,1,5,6,6,6,4,5,5,6,30,0.3,0.1,0.2,1.333333333,4.25,3.166666667,2,4.777777778,4.333333333,1.375,3.9,10,6,2,8,4,2,2,6,5,27,27,26,14,42,10,8,38,25,13,26,5,4
NA,40,2,7,1,2,NA,7,6,7,5,7,6,7,6,6,6,6,7,5,6,7,7,27,0.3,0.1,0.2,4,5.5,5.5,2,4.666666667,3.555555556,2.875,3.2,13,8,5,4,4,4,2,5,4,22,19,30,36,41,10,5,50,11,39,18,4,5
NA,23,1,5,1,1,NA,2,3,3,2,7,6,5,2,3,3,3,5,5,3,6,7,17,0.6,0.5,0.55,4,3.75,3,1.875,2.888888889,3.111111111,3.5,3.8,15,8,6,5,5,4,4,3.833333333,5,16,19,53,31,23,20,19,46,20,26,35,6,7
NA,30,2,6,1,1,NA,5,5,2,1,6,5,6,1,5,6,3,6,5,6,6,6,14,0.3,0,0.15,3,5.25,4.333333333,2.875,4.555555556,4.888888889,2.25,3.7,10,5,3,4,2,2,2,5,4.75,28,22,59,25,26,18,18,31,24,7,17,7,5
NA,47,2,5,1,1,NA,1,1,2,2,6,6,6,5,4,5,5,3,1,2,2,3,15,1,0.4,0.7,4,3,5.5,1,3.888888889,4,4.75,2.2,11,7,7,4,2,2,3,1.5,5,25,19,70,35,21,17,30,48,12,36,69,6,3
NA,28,2,5,1,1,NA,4,4,5,4,6,5,5,6,2,2,6,1,4,4,5,7,26,0.7,0.3,0.5,2.666666667,2.75,3.5,1.75,4.333333333,3.111111111,3.875,4.1,12,17,6,6,8,8,6,5.5,6.75,26,26,44,24,32,22,31,31,21,10,53,2,2
NA,26,1,2,1,1,NA,1,1,1,1,4,1,1,1,1,1,1,1,4,1,5,5,17,0.3,0.3,0.3,1.666666667,3,1,2.875,1.666666667,3.888888889,1.25,3.7,12,10,3,6,2,2,2,1,4.75,0,17,55,17,20,10,7,13,35,-22,9,3,7
NA,29,2,5,1,1,NA,4,6,4,4,6,6,6,4,6,6,6,4,4,6,4,6,12,0.6,0.3,0.45,4.666666667,6,5.666666667,3,3.555555556,3.777777778,2.375,4.2,6,5,3,4,4,4,3,2.333333333,2,19,15,25,34,15,12,15,42,32,10,30,2,2
NA,33,1,5,1,1,NA,6,5,5,5,7,7,6,6,5,6,6,6,6,5,6,6,27,0.2,0.1,0.15,5.833333333,5.25,6.166666667,3.875,3.111111111,4.333333333,3.875,3.9,12,7,7,8,6,4,8,2.333333333,1.75,21,8,34,45,29,17,17,35,28,7,18,1,5
NA,24,1,5,1,1,NA,6,4,5,6,5,6,6,3,5,4,6,5,5,5,7,6,18,0.4,0.2,0.3,4,5.25,4.833333333,3.375,3.222222222,2.888888889,3.125,3.6,8,10,5,5,4,6,6,5.833333333,5,19,15,47,31,40,18,20,46,28,18,46,4,8
NA,24,1,5,1,1,NA,4,3,4,3,5,5,6,4,6,5,3,5,5,4,4,5,24,0.4,0.2,0.3,3.833333333,4.75,5,2.25,4.444444444,4.222222222,2.25,3.8,8,7,6,5,4,4,2,4.5,5.25,20,20,45,32,30,11,17,50,26,24,35,5,4
NA,41,1,4,1,1,NA,2,3,4,2,5,4,5,4,5,5,4,2,2,4,4,2,19,0.8,0.3,0.55,3.166666667,5,3.5,2.375,3.888888889,4.222222222,2.125,3.7,11,7,3,5,4,4,3,5,4.25,21,19,54,29,24,10,18,34,19,15,27,3,4
NA,64,2,5,1,1,NA,6,5,6,6,6,6,6,6,5,6,6,6,5,6,6,5,23,0.1,0.1,0.1,4,4.75,4.166666667,3,4.555555556,4.111111111,2.625,4,10,9,4,5,6,6,6,6,2,26,22,43,35,27,17,22,44,25,19,10,7,5
